ACCELERATION,BATTERY_HEALTH,BATTERY_VOLTAGE,BRAKING,CORNERING,CURRENT_LAT,CURRENT_LNG,DID,DISTRACTION,FUEL_LEVEL,OIL_LEVEL,PACKAGE TEMP,PACKAGE TYPE,PACKAGE_TEMP,PACKAGE_TYPE,PRESSURE,RAIN,RID,SEATBELT,SIZE,SPEEDING,Status,TEMP,TID,TIMESTAMP,TYRE_PRESSURE,VID,WIND_DIRECTION,WIND_SPEED
0.0,AVERAGE,14.0,0.0,0.0,0.0,0.0,399.0,0.0,38.0,10.0,0.0,0.0,,,60.0,7.0,74.0,0.0,0.0,0.0,started,13.0,1000.0,2021-08-06 20:30:43.361438,32.0,1127.0,7.0,13.0
0.0,GOOD,13.0,0.0,0.0,0.0,0.0,251.0,0.0,13.0,76.0,0.0,0.0,,,53.0,3.0,61.0,0.0,0.0,0.0,started,57.0,1001.0,2021-08-06 20:30:43.382115,30.0,1228.0,0.0,30.0
0.0,GOOD,12.0,0.0,0.0,0.0,0.0,390.0,0.0,62.0,79.0,0.0,0.0,,,64.0,2.0,82.0,0.0,0.0,0.0,started,40.0,1002.0,2021-08-06 20:30:43.401158,30.0,1113.0,3.0,4.0
0.0,AVERAGE,12.0,0.0,0.0,0.0,0.0,306.0,0.0,58.0,58.0,0.0,0.0,,,71.0,1.0,38.0,0.0,0.0,0.0,started,38.0,1003.0,2021-08-06 20:30:43.421605,32.0,1067.0,2.0,37.0
0.0,AVERAGE,13.0,0.0,0.0,0.0,0.0,391.0,0.0,98.0,77.0,0.0,0.0,,,82.0,0.0,11.0,0.0,0.0,0.0,started,22.0,1004.0,2021-08-06 20:30:43.443247,30.0,1033.0,2.0,28.0
0.0,AVERAGE,14.0,0.0,0.0,0.0,0.0,302.0,0.0,87.0,29.0,0.0,0.0,,,51.0,6.0,53.0,0.0,0.0,0.0,started,47.0,1005.0,2021-08-06 20:30:43.462338,34.0,1122.0,6.0,38.0
0.0,AVERAGE,12.0,0.0,0.0,0.0,0.0,366.0,0.0,71.0,30.0,0.0,0.0,,,60.0,7.0,74.0,0.0,0.0,0.0,started,13.0,1006.0,2021-08-06 20:30:43.481952,31.0,1087.0,7.0,13.0
0.0,GOOD,13.0,0.0,0.0,0.0,0.0,223.0,0.0,58.0,29.0,0.0,0.0,,,54.0,5.0,71.0,0.0,0.0,0.0,started,6.0,1007.0,2021-08-06 20:30:43.502233,31.0,1025.0,5.0,6.0
0.0,GOOD,14.0,0.0,0.0,0.0,0.0,350.0,0.0,79.0,14.0,0.0,0.0,,,65.0,9.0,22.0,0.0,0.0,0.0,started,56.0,1008.0,2021-08-06 20:30:43.525073,33.0,1239.0,1.0,15.0
0.0,GOOD,14.0,0.0,0.0,0.0,0.0,283.0,0.0,91.0,73.0,0.0,0.0,,,82.0,0.0,11.0,0.0,0.0,0.0,started,22.0,1009.0,2021-08-06 20:30:43.544709,30.0,1121.0,2.0,28.0
0.0,GOOD,14.0,0.0,0.0,0.0,0.0,417.0,0.0,17.0,13.0,0.0,0.0,,,63.0,9.0,30.0,0.0,0.0,0.0,started,9.0,1010.0,2021-08-06 20:30:43.564996,34.0,1138.0,4.0,36.0
0.0,GOOD,13.0,0.0,0.0,0.0,0.0,240.0,0.0,43.0,34.0,0.0,0.0,,,82.0,2.0,75.0,0.0,0.0,0.0,started,64.0,1011.0,2021-08-06 20:30:43.585931,32.0,1197.0,3.0,32.0
0.0,AVERAGE,12.0,0.0,0.0,0.0,0.0,203.0,0.0,67.0,86.0,0.0,0.0,,,63.0,9.0,30.0,0.0,0.0,0.0,started,9.0,1012.0,2021-08-06 20:30:43.605147,33.0,1235.0,4.0,36.0
0.0,GOOD,12.0,0.0,0.0,0.0,0.0,433.0,0.0,91.0,12.0,0.0,0.0,,,58.0,1.0,15.0,0.0,0.0,0.0,started,23.0,1013.0,2021-08-06 20:30:43.626490,31.0,1105.0,2.0,42.0
0.0,AVERAGE,14.0,0.0,0.0,0.0,0.0,367.0,0.0,63.0,9.0,0.0,0.0,,,80.0,2.0,31.0,0.0,0.0,0.0,started,16.0,1014.0,2021-08-06 20:30:43.646788,34.0,1207.0,7.0,30.0
0.0,AVERAGE,12.0,0.0,0.0,0.0,0.0,270.0,0.0,69.0,39.0,0.0,0.0,,,58.0,1.0,15.0,0.0,0.0,0.0,started,23.0,1015.0,2021-08-06 20:30:43.665676,34.0,1243.0,2.0,42.0
0.0,AVERAGE,13.0,0.0,0.0,0.0,0.0,211.0,0.0,90.0,30.0,0.0,0.0,,,85.0,4.0,16.0,0.0,0.0,0.0,started,18.0,1016.0,2021-08-06 20:30:43.685824,30.0,1232.0,1.0,18.0
0.0,AVERAGE,13.0,0.0,0.0,0.0,0.0,282.0,0.0,44.0,3.0,0.0,0.0,,,55.0,8.0,81.0,0.0,0.0,0.0,started,55.0,1017.0,2021-08-06 20:30:43.706748,31.0,1139.0,3.0,12.0
0.0,GOOD,14.0,0.0,0.0,0.0,0.0,393.0,0.0,32.0,2.0,0.0,0.0,,,72.0,1.0,46.0,0.0,0.0,0.0,started,73.0,1018.0,2021-08-06 20:30:43.726385,31.0,1119.0,3.0,39.0
0.0,GOOD,14.0,0.0,0.0,0.0,0.0,419.0,0.0,81.0,42.0,0.0,0.0,,,50.0,3.0,52.0,0.0,0.0,0.0,started,59.0,1019.0,2021-08-06 20:30:43.746996,33.0,1133.0,4.0,36.0
0.0,GOOD,12.0,0.0,0.0,0.0,0.0,332.0,0.0,44.0,25.0,0.0,0.0,,,59.0,8.0,42.0,0.0,0.0,0.0,started,37.0,1020.0,2021-08-06 20:30:43.768065,31.0,1172.0,7.0,6.0
0.0,AVERAGE,14.0,0.0,0.0,0.0,0.0,252.0,0.0,75.0,1.0,0.0,0.0,,,79.0,6.0,76.0,0.0,0.0,0.0,started,76.0,1021.0,2021-08-06 20:30:43.787231,33.0,1148.0,2.0,3.0
0.0,AVERAGE,14.0,0.0,0.0,0.0,0.0,305.0,0.0,30.0,3.0,0.0,0.0,,,54.0,5.0,71.0,0.0,0.0,0.0,started,6.0,1022.0,2021-08-06 20:30:43.807093,34.0,1070.0,5.0,6.0
0.0,AVERAGE,12.0,0.0,0.0,0.0,0.0,315.0,0.0,5.0,7.0,0.0,0.0,,,69.0,5.0,47.0,0.0,0.0,0.0,started,78.0,1023.0,2021-08-06 20:30:43.827710,31.0,1247.0,1.0,48.0
0.0,GOOD,12.0,0.0,0.0,0.0,0.0,324.0,0.0,72.0,94.0,0.0,0.0,,,66.0,5.0,12.0,0.0,0.0,0.0,started,64.0,1024.0,2021-08-06 20:30:43.847187,33.0,1075.0,7.0,30.0
0.0,GOOD,12.0,0.0,0.0,0.0,0.0,296.0,0.0,23.0,51.0,0.0,0.0,,,59.0,4.0,27.0,0.0,0.0,0.0,started,46.0,1025.0,2021-08-06 20:30:43.867213,30.0,1221.0,6.0,21.0
0.0,GOOD,12.0,0.0,0.0,0.0,0.0,408.0,0.0,7.0,68.0,0.0,0.0,,,66.0,5.0,12.0,0.0,0.0,0.0,started,64.0,1026.0,2021-08-06 20:30:43.887430,31.0,1152.0,7.0,30.0
0.0,GOOD,13.0,0.0,0.0,0.0,0.0,279.0,0.0,7.0,56.0,0.0,0.0,,,56.0,0.0,57.0,0.0,0.0,0.0,started,26.0,1027.0,2021-08-06 20:30:43.907218,33.0,1132.0,2.0,47.0
0.0,AVERAGE,12.0,0.0,0.0,0.0,0.0,415.0,0.0,70.0,45.0,0.0,0.0,,,60.0,3.0,69.0,0.0,0.0,0.0,started,65.0,1028.0,2021-08-06 20:30:43.927306,34.0,1106.0,6.0,41.0
0.0,AVERAGE,14.0,0.0,0.0,0.0,0.0,426.0,0.0,36.0,64.0,0.0,0.0,,,60.0,7.0,74.0,0.0,0.0,0.0,started,13.0,1029.0,2021-08-06 20:30:43.946775,30.0,1082.0,7.0,13.0
0.0,GOOD,14.0,0.0,0.0,0.0,0.0,280.0,0.0,44.0,5.0,0.0,0.0,,,80.0,3.0,23.0,0.0,0.0,0.0,started,19.0,1030.0,2021-08-06 20:30:43.967375,32.0,1231.0,4.0,46.0
0.0,AVERAGE,13.0,0.0,0.0,0.0,0.0,345.0,0.0,43.0,93.0,0.0,0.0,,,69.0,6.0,21.0,0.0,0.0,0.0,started,48.0,1031.0,2021-08-06 20:30:43.986127,30.0,1143.0,5.0,45.0
0.0,AVERAGE,14.0,0.0,0.0,0.0,0.0,224.0,0.0,63.0,17.0,0.0,0.0,,,52.0,4.0,78.0,0.0,0.0,0.0,started,61.0,1032.0,2021-08-06 20:30:44.008291,30.0,1168.0,5.0,38.0
0.0,AVERAGE,12.0,0.0,0.0,0.0,0.0,254.0,0.0,95.0,22.0,0.0,0.0,,,77.0,8.0,77.0,0.0,0.0,0.0,started,81.0,1033.0,2021-08-06 20:30:44.028074,34.0,1045.0,3.0,49.0
0.0,AVERAGE,14.0,0.0,0.0,0.0,0.0,339.0,0.0,44.0,16.0,0.0,0.0,,,59.0,8.0,51.0,0.0,0.0,0.0,started,84.0,1034.0,2021-08-06 20:30:44.047184,30.0,1198.0,0.0,21.0
0.0,GOOD,14.0,0.0,0.0,0.0,0.0,220.0,0.0,51.0,55.0,0.0,0.0,,,59.0,8.0,42.0,0.0,0.0,0.0,started,37.0,1035.0,2021-08-06 20:30:44.067649,30.0,1175.0,7.0,6.0
0.0,GOOD,12.0,0.0,0.0,0.0,0.0,348.0,0.0,88.0,71.0,0.0,0.0,,,88.0,3.0,50.0,0.0,0.0,0.0,started,24.0,1036.0,2021-08-06 20:30:44.088704,33.0,1216.0,3.0,13.0
0.0,GOOD,14.0,0.0,0.0,0.0,0.0,217.0,0.0,5.0,18.0,0.0,0.0,,,64.0,2.0,82.0,0.0,0.0,0.0,started,40.0,1037.0,2021-08-06 20:30:44.109808,32.0,1031.0,3.0,4.0
0.0,AVERAGE,13.0,0.0,0.0,0.0,0.0,207.0,0.0,18.0,28.0,0.0,0.0,,,73.0,9.0,60.0,0.0,0.0,0.0,started,9.0,1038.0,2021-08-06 20:30:44.129943,34.0,1200.0,7.0,20.0
0.0,GOOD,13.0,0.0,0.0,0.0,0.0,297.0,0.0,23.0,9.0,0.0,0.0,,,82.0,2.0,75.0,0.0,0.0,0.0,started,64.0,1039.0,2021-08-06 20:30:44.150122,32.0,1036.0,3.0,32.0
0.0,GOOD,13.0,0.0,0.0,0.0,0.0,239.0,0.0,74.0,0.0,0.0,0.0,,,68.0,6.0,26.0,0.0,0.0,0.0,started,20.0,1040.0,2021-08-06 20:30:44.172028,32.0,1049.0,5.0,43.0
0.0,AVERAGE,14.0,0.0,0.0,0.0,0.0,290.0,0.0,0.0,72.0,0.0,0.0,,,82.0,2.0,75.0,0.0,0.0,0.0,started,64.0,1041.0,2021-08-06 20:30:44.191087,33.0,1084.0,3.0,32.0
0.0,GOOD,14.0,0.0,0.0,0.0,0.0,272.0,0.0,12.0,56.0,0.0,0.0,,,64.0,2.0,82.0,0.0,0.0,0.0,started,40.0,1042.0,2021-08-06 20:30:44.211257,30.0,1020.0,3.0,4.0
0.0,GOOD,12.0,0.0,0.0,0.0,0.0,365.0,0.0,29.0,17.0,0.0,0.0,,,53.0,2.0,20.0,0.0,0.0,0.0,started,6.0,1043.0,2021-08-06 20:30:44.231715,34.0,1167.0,0.0,34.0
0.0,GOOD,14.0,0.0,0.0,0.0,0.0,311.0,0.0,53.0,51.0,0.0,0.0,,,83.0,0.0,48.0,0.0,0.0,0.0,started,77.0,1044.0,2021-08-06 20:30:44.250958,34.0,1097.0,0.0,31.0
0.0,GOOD,14.0,0.0,0.0,0.0,0.0,242.0,0.0,19.0,75.0,0.0,0.0,,,57.0,4.0,73.0,0.0,0.0,0.0,started,63.0,1045.0,2021-08-06 20:30:44.271472,30.0,1018.0,6.0,36.0
0.0,AVERAGE,12.0,0.0,0.0,0.0,0.0,411.0,0.0,56.0,91.0,0.0,0.0,,,87.0,4.0,84.0,0.0,0.0,0.0,started,21.0,1046.0,2021-08-06 20:30:44.291212,34.0,1150.0,5.0,44.0
0.0,GOOD,13.0,0.0,0.0,0.0,0.0,273.0,0.0,56.0,18.0,0.0,0.0,,,68.0,6.0,26.0,0.0,0.0,0.0,started,20.0,1047.0,2021-08-06 20:30:44.311115,30.0,1209.0,5.0,43.0
0.0,AVERAGE,12.0,0.0,0.0,0.0,0.0,407.0,0.0,25.0,40.0,0.0,0.0,,,58.0,5.0,33.0,0.0,0.0,0.0,started,51.0,1048.0,2021-08-06 20:30:44.331726,30.0,1015.0,3.0,22.0
0.0,GOOD,14.0,0.0,0.0,0.0,0.0,263.0,0.0,39.0,23.0,0.0,0.0,,,80.0,0.0,79.0,0.0,0.0,0.0,started,55.0,1049.0,2021-08-06 20:30:44.351250,32.0,1098.0,7.0,17.0
0.0,GOOD,14.0,0.0,0.0,0.0,0.0,261.0,0.0,43.0,60.0,0.0,0.0,,,85.0,4.0,16.0,0.0,0.0,0.0,started,18.0,1050.0,2021-08-06 20:30:44.371266,33.0,1222.0,1.0,18.0
0.0,AVERAGE,13.0,0.0,0.0,0.0,0.0,405.0,0.0,63.0,14.0,0.0,0.0,,,87.0,4.0,84.0,0.0,0.0,0.0,started,21.0,1051.0,2021-08-06 20:30:44.392269,32.0,1115.0,5.0,44.0
0.0,AVERAGE,12.0,0.0,0.0,0.0,0.0,401.0,0.0,92.0,20.0,0.0,0.0,,,71.0,1.0,38.0,0.0,0.0,0.0,started,38.0,1052.0,2021-08-06 20:30:44.412662,34.0,1126.0,2.0,37.0
0.0,AVERAGE,13.0,0.0,0.0,0.0,0.0,412.0,0.0,22.0,6.0,0.0,0.0,,,59.0,8.0,42.0,0.0,0.0,0.0,started,37.0,1053.0,2021-08-06 20:30:44.431842,34.0,1039.0,7.0,6.0
0.0,AVERAGE,13.0,0.0,0.0,0.0,0.0,255.0,0.0,11.0,36.0,0.0,0.0,,,65.0,9.0,22.0,0.0,0.0,0.0,started,56.0,1054.0,2021-08-06 20:30:44.452531,31.0,1219.0,1.0,15.0
0.0,GOOD,14.0,0.0,0.0,0.0,0.0,322.0,0.0,77.0,54.0,0.0,0.0,,,60.0,7.0,74.0,0.0,0.0,0.0,started,13.0,1055.0,2021-08-06 20:30:44.473379,34.0,1038.0,7.0,13.0
0.0,GOOD,13.0,0.0,0.0,0.0,0.0,385.0,0.0,69.0,6.0,0.0,0.0,,,51.0,7.0,39.0,0.0,0.0,0.0,started,56.0,1056.0,2021-08-06 20:30:44.493687,33.0,1110.0,2.0,39.0
0.0,GOOD,12.0,0.0,0.0,0.0,0.0,321.0,0.0,96.0,90.0,0.0,0.0,,,56.0,6.0,45.0,0.0,0.0,0.0,started,27.0,1057.0,2021-08-06 20:30:44.514346,30.0,1153.0,5.0,46.0
0.0,AVERAGE,13.0,0.0,0.0,0.0,0.0,422.0,0.0,6.0,41.0,0.0,0.0,,,69.0,9.0,80.0,0.0,0.0,0.0,started,34.0,1058.0,2021-08-06 20:30:44.533592,34.0,1149.0,6.0,16.0
0.0,GOOD,13.0,0.0,0.0,0.0,0.0,209.0,0.0,48.0,64.0,0.0,0.0,,,87.0,4.0,84.0,0.0,0.0,0.0,started,21.0,1059.0,2021-08-06 20:30:44.554375,34.0,1204.0,5.0,44.0
0.0,AVERAGE,12.0,0.0,0.0,0.0,0.0,303.0,0.0,52.0,61.0,0.0,0.0,,,72.0,9.0,63.0,0.0,0.0,0.0,started,42.0,1060.0,2021-08-06 20:30:44.575558,32.0,1044.0,3.0,27.0
0.0,AVERAGE,13.0,0.0,0.0,0.0,0.0,394.0,0.0,57.0,18.0,0.0,0.0,,,72.0,1.0,46.0,0.0,0.0,0.0,started,73.0,1061.0,2021-08-06 20:30:44.596069,31.0,1229.0,3.0,39.0
0.0,GOOD,13.0,0.0,0.0,0.0,0.0,205.0,0.0,57.0,8.0,0.0,0.0,,,52.0,4.0,78.0,0.0,0.0,0.0,started,61.0,1062.0,2021-08-06 20:30:44.616231,32.0,1189.0,5.0,38.0
0.0,GOOD,12.0,0.0,0.0,0.0,0.0,294.0,0.0,2.0,41.0,0.0,0.0,,,82.0,7.0,67.0,0.0,0.0,0.0,started,36.0,1063.0,2021-08-06 20:30:44.636639,31.0,1021.0,6.0,7.0
0.0,AVERAGE,14.0,0.0,0.0,0.0,0.0,331.0,0.0,30.0,35.0,0.0,0.0,,,53.0,3.0,61.0,0.0,0.0,0.0,started,57.0,1064.0,2021-08-06 20:30:44.657214,31.0,1011.0,0.0,30.0
0.0,GOOD,12.0,0.0,0.0,0.0,0.0,292.0,0.0,51.0,2.0,0.0,0.0,,,82.0,1.0,43.0,0.0,0.0,0.0,started,23.0,1065.0,2021-08-06 20:30:44.677092,34.0,1047.0,2.0,10.0
0.0,GOOD,12.0,0.0,0.0,0.0,0.0,264.0,0.0,2.0,32.0,0.0,0.0,,,65.0,9.0,22.0,0.0,0.0,0.0,started,56.0,1066.0,2021-08-06 20:30:44.697462,33.0,1128.0,1.0,15.0
0.0,GOOD,12.0,0.0,0.0,0.0,0.0,384.0,0.0,5.0,36.0,0.0,0.0,,,79.0,6.0,68.0,0.0,0.0,0.0,started,63.0,1067.0,2021-08-06 20:30:44.716421,32.0,1060.0,1.0,26.0
0.0,AVERAGE,14.0,0.0,0.0,0.0,0.0,247.0,0.0,24.0,46.0,0.0,0.0,,,82.0,1.0,43.0,0.0,0.0,0.0,started,23.0,1068.0,2021-08-06 20:30:44.736562,32.0,1042.0,2.0,10.0
0.0,AVERAGE,12.0,0.0,0.0,0.0,0.0,212.0,0.0,21.0,0.0,0.0,0.0,,,55.0,2.0,35.0,0.0,0.0,0.0,started,25.0,1069.0,2021-08-06 20:30:44.758412,31.0,1053.0,3.0,2.0
0.0,AVERAGE,14.0,0.0,0.0,0.0,0.0,336.0,0.0,35.0,84.0,0.0,0.0,,,53.0,8.0,41.0,0.0,0.0,0.0,started,69.0,1070.0,2021-08-06 20:30:44.779011,31.0,1185.0,2.0,43.0
0.0,AVERAGE,13.0,0.0,0.0,0.0,0.0,287.0,0.0,50.0,50.0,0.0,0.0,,,79.0,6.0,68.0,0.0,0.0,0.0,started,63.0,1071.0,2021-08-06 20:30:44.798331,30.0,1201.0,1.0,26.0
0.0,AVERAGE,12.0,0.0,0.0,0.0,0.0,213.0,0.0,74.0,20.0,0.0,0.0,,,80.0,1.0,56.0,0.0,0.0,0.0,started,14.0,1072.0,2021-08-06 20:30:44.818161,31.0,1238.0,0.0,23.0
0.0,AVERAGE,13.0,0.0,0.0,0.0,0.0,371.0,0.0,66.0,52.0,0.0,0.0,,,80.0,0.0,79.0,0.0,0.0,0.0,started,55.0,1073.0,2021-08-06 20:30:44.838685,33.0,1236.0,7.0,17.0
0.0,AVERAGE,13.0,0.0,0.0,0.0,0.0,423.0,0.0,31.0,83.0,0.0,0.0,,,65.0,9.0,32.0,0.0,0.0,0.0,started,79.0,1074.0,2021-08-06 20:30:44.858697,34.0,1164.0,6.0,48.0
0.0,GOOD,14.0,0.0,0.0,0.0,0.0,269.0,0.0,19.0,22.0,0.0,0.0,,,51.0,7.0,39.0,0.0,0.0,0.0,started,56.0,1075.0,2021-08-06 20:30:44.879191,33.0,1005.0,2.0,39.0
0.0,GOOD,14.0,0.0,0.0,0.0,0.0,299.0,0.0,78.0,31.0,0.0,0.0,,,56.0,7.0,49.0,0.0,0.0,0.0,started,64.0,1076.0,2021-08-06 20:30:44.898525,30.0,1245.0,2.0,26.0
0.0,GOOD,14.0,0.0,0.0,0.0,0.0,434.0,0.0,60.0,31.0,0.0,0.0,,,72.0,1.0,46.0,0.0,0.0,0.0,started,73.0,1077.0,2021-08-06 20:30:44.919098,30.0,1162.0,3.0,39.0
0.0,GOOD,12.0,0.0,0.0,0.0,0.0,232.0,0.0,31.0,30.0,0.0,0.0,,,80.0,1.0,56.0,0.0,0.0,0.0,started,14.0,1078.0,2021-08-06 20:30:44.940531,31.0,1182.0,0.0,23.0
0.0,GOOD,14.0,0.0,0.0,0.0,0.0,204.0,0.0,57.0,52.0,0.0,0.0,,,72.0,1.0,46.0,0.0,0.0,0.0,started,73.0,1079.0,2021-08-06 20:30:44.959668,30.0,1246.0,3.0,39.0
0.0,AVERAGE,12.0,0.0,0.0,0.0,0.0,439.0,0.0,36.0,26.0,0.0,0.0,,,58.0,4.0,59.0,0.0,0.0,0.0,started,2.0,1080.0,2021-08-06 20:30:44.979923,34.0,1124.0,2.0,47.0
0.0,GOOD,13.0,0.0,0.0,0.0,0.0,231.0,0.0,18.0,49.0,0.0,0.0,,,72.0,6.0,40.0,0.0,0.0,0.0,started,15.0,1081.0,2021-08-06 20:30:44.998873,30.0,1081.0,5.0,5.0
0.0,AVERAGE,13.0,0.0,0.0,0.0,0.0,293.0,0.0,23.0,57.0,0.0,0.0,,,53.0,2.0,20.0,0.0,0.0,0.0,started,6.0,1082.0,2021-08-06 20:30:45.019900,31.0,1052.0,0.0,34.0
0.0,GOOD,14.0,0.0,0.0,0.0,0.0,202.0,0.0,73.0,39.0,0.0,0.0,,,52.0,4.0,78.0,0.0,0.0,0.0,started,61.0,1083.0,2021-08-06 20:30:45.039913,33.0,1022.0,5.0,38.0
0.0,GOOD,14.0,0.0,0.0,0.0,0.0,386.0,0.0,67.0,29.0,0.0,0.0,,,69.0,1.0,19.0,0.0,0.0,0.0,started,33.0,1084.0,2021-08-06 20:30:45.060560,31.0,1046.0,6.0,10.0
0.0,GOOD,14.0,0.0,0.0,0.0,0.0,221.0,0.0,31.0,35.0,0.0,0.0,,,52.0,6.0,64.0,0.0,0.0,0.0,started,43.0,1085.0,2021-08-06 20:30:45.080395,33.0,1063.0,4.0,30.0
0.0,AVERAGE,12.0,0.0,0.0,0.0,0.0,214.0,0.0,65.0,16.0,0.0,0.0,,,68.0,6.0,26.0,0.0,0.0,0.0,started,20.0,1086.0,2021-08-06 20:30:45.100635,34.0,1249.0,5.0,43.0
0.0,AVERAGE,14.0,0.0,0.0,0.0,0.0,249.0,0.0,59.0,53.0,0.0,0.0,,,60.0,7.0,74.0,0.0,0.0,0.0,started,13.0,1087.0,2021-08-06 20:30:45.122058,32.0,1226.0,7.0,13.0
0.0,GOOD,12.0,0.0,0.0,0.0,0.0,276.0,0.0,2.0,29.0,0.0,0.0,,,83.0,0.0,48.0,0.0,0.0,0.0,started,77.0,1088.0,2021-08-06 20:30:45.141416,30.0,1130.0,0.0,31.0
0.0,AVERAGE,13.0,0.0,0.0,0.0,0.0,421.0,0.0,45.0,57.0,0.0,0.0,,,56.0,0.0,57.0,0.0,0.0,0.0,started,26.0,1089.0,2021-08-06 20:30:45.161440,33.0,1095.0,2.0,47.0
0.0,GOOD,12.0,0.0,0.0,0.0,0.0,277.0,0.0,12.0,3.0,0.0,0.0,,,58.0,5.0,33.0,0.0,0.0,0.0,started,51.0,1090.0,2021-08-06 20:30:45.182444,32.0,1241.0,3.0,22.0
0.0,GOOD,13.0,0.0,0.0,0.0,0.0,266.0,0.0,16.0,19.0,0.0,0.0,,,56.0,7.0,49.0,0.0,0.0,0.0,started,64.0,1091.0,2021-08-06 20:30:45.201697,34.0,1093.0,2.0,26.0
0.0,GOOD,14.0,0.0,0.0,0.0,0.0,208.0,0.0,94.0,55.0,0.0,0.0,,,58.0,4.0,59.0,0.0,0.0,0.0,started,2.0,1092.0,2021-08-06 20:30:45.221847,34.0,1158.0,2.0,47.0
0.0,GOOD,14.0,0.0,0.0,0.0,0.0,259.0,0.0,45.0,16.0,0.0,0.0,,,73.0,9.0,62.0,0.0,0.0,0.0,started,82.0,1093.0,2021-08-06 20:30:45.242161,30.0,1165.0,0.0,13.0
0.0,AVERAGE,14.0,0.0,0.0,0.0,0.0,267.0,0.0,30.0,29.0,0.0,0.0,,,72.0,1.0,46.0,0.0,0.0,0.0,started,73.0,1094.0,2021-08-06 20:30:45.261710,34.0,1030.0,3.0,39.0
0.0,AVERAGE,13.0,0.0,0.0,0.0,0.0,377.0,0.0,94.0,36.0,0.0,0.0,,,69.0,6.0,21.0,0.0,0.0,0.0,started,48.0,1095.0,2021-08-06 20:30:45.282547,31.0,1155.0,5.0,45.0
0.0,AVERAGE,13.0,0.0,0.0,0.0,0.0,429.0,0.0,17.0,29.0,0.0,0.0,,,87.0,4.0,84.0,0.0,0.0,0.0,started,21.0,1096.0,2021-08-06 20:30:45.301963,34.0,1193.0,5.0,44.0
0.0,GOOD,13.0,0.0,0.0,0.0,0.0,369.0,0.0,15.0,12.0,0.0,0.0,,,79.0,6.0,68.0,0.0,0.0,0.0,started,63.0,1097.0,2021-08-06 20:30:45.321992,32.0,1009.0,1.0,26.0
0.0,GOOD,13.0,0.0,0.0,0.0,0.0,225.0,0.0,71.0,39.0,0.0,0.0,,,82.0,1.0,43.0,0.0,0.0,0.0,started,23.0,1098.0,2021-08-06 20:30:45.342797,32.0,1224.0,2.0,10.0
0.0,GOOD,12.0,0.0,0.0,0.0,0.0,373.0,0.0,44.0,18.0,0.0,0.0,,,79.0,6.0,68.0,0.0,0.0,0.0,started,63.0,1099.0,2021-08-06 20:30:45.361876,34.0,1217.0,1.0,26.0
0.0,AVERAGE,12.0,0.0,0.0,0.0,0.0,382.0,0.0,19.0,28.0,0.0,0.0,,,60.0,7.0,74.0,0.0,0.0,0.0,started,13.0,1100.0,2021-08-06 20:30:45.382633,32.0,1186.0,7.0,13.0
0.0,GOOD,12.0,0.0,0.0,0.0,0.0,402.0,0.0,58.0,37.0,0.0,0.0,,,71.0,1.0,38.0,0.0,0.0,0.0,started,38.0,1101.0,2021-08-06 20:30:45.403605,32.0,1017.0,2.0,37.0
0.0,AVERAGE,14.0,0.0,0.0,0.0,0.0,323.0,0.0,32.0,24.0,0.0,0.0,,,85.0,4.0,16.0,0.0,0.0,0.0,started,18.0,1102.0,2021-08-06 20:30:45.424921,33.0,1108.0,1.0,18.0
0.0,AVERAGE,13.0,0.0,0.0,0.0,0.0,317.0,0.0,72.0,17.0,0.0,0.0,,,82.0,7.0,67.0,0.0,0.0,0.0,started,36.0,1103.0,2021-08-06 20:30:45.444599,30.0,1206.0,6.0,7.0
0.0,GOOD,14.0,0.0,0.0,0.0,0.0,381.0,0.0,52.0,54.0,0.0,0.0,,,74.0,6.0,24.0,0.0,0.0,0.0,started,41.0,1104.0,2021-08-06 20:30:45.465073,31.0,1016.0,2.0,32.0
0.0,AVERAGE,13.0,0.0,0.0,0.0,0.0,307.0,0.0,60.0,29.0,0.0,0.0,,,75.0,7.0,83.0,0.0,0.0,0.0,started,51.0,1105.0,2021-08-06 20:30:45.487177,34.0,1191.0,4.0,45.0
0.0,AVERAGE,12.0,0.0,0.0,0.0,0.0,398.0,0.0,65.0,46.0,0.0,0.0,,,52.0,4.0,78.0,0.0,0.0,0.0,started,61.0,1106.0,2021-08-06 20:30:45.506422,31.0,1006.0,5.0,38.0
0.0,GOOD,12.0,0.0,0.0,0.0,0.0,268.0,0.0,58.0,1.0,0.0,0.0,,,82.0,1.0,43.0,0.0,0.0,0.0,started,23.0,1107.0,2021-08-06 20:30:45.527268,33.0,1170.0,2.0,10.0
0.0,AVERAGE,13.0,0.0,0.0,0.0,0.0,271.0,0.0,16.0,95.0,0.0,0.0,,,62.0,6.0,34.0,0.0,0.0,0.0,started,6.0,1108.0,2021-08-06 20:30:45.547761,31.0,1112.0,1.0,14.0
0.0,GOOD,14.0,0.0,0.0,0.0,0.0,227.0,0.0,83.0,67.0,0.0,0.0,,,81.0,0.0,66.0,0.0,0.0,0.0,started,45.0,1109.0,2021-08-06 20:30:45.567563,31.0,1220.0,6.0,41.0
0.0,AVERAGE,12.0,0.0,0.0,0.0,0.0,210.0,0.0,29.0,85.0,0.0,0.0,,,51.0,7.0,39.0,0.0,0.0,0.0,started,56.0,1110.0,2021-08-06 20:30:45.588540,34.0,1074.0,2.0,39.0
0.0,GOOD,13.0,0.0,0.0,0.0,0.0,298.0,0.0,33.0,2.0,0.0,0.0,,,80.0,2.0,31.0,0.0,0.0,0.0,started,16.0,1111.0,2021-08-06 20:30:45.608753,34.0,1003.0,7.0,30.0
0.0,AVERAGE,14.0,0.0,0.0,0.0,0.0,356.0,0.0,31.0,70.0,0.0,0.0,,,57.0,4.0,73.0,0.0,0.0,0.0,started,63.0,1112.0,2021-08-06 20:30:45.630232,32.0,1202.0,6.0,36.0
0.0,AVERAGE,13.0,0.0,0.0,0.0,0.0,430.0,0.0,31.0,22.0,0.0,0.0,,,53.0,8.0,41.0,0.0,0.0,0.0,started,69.0,1113.0,2021-08-06 20:30:45.649737,31.0,1163.0,2.0,43.0
0.0,GOOD,12.0,0.0,0.0,0.0,0.0,222.0,0.0,66.0,23.0,0.0,0.0,,,58.0,1.0,15.0,0.0,0.0,0.0,started,23.0,1114.0,2021-08-06 20:30:45.670326,32.0,1125.0,2.0,42.0
0.0,GOOD,14.0,0.0,0.0,0.0,0.0,395.0,0.0,0.0,27.0,0.0,0.0,,,82.0,0.0,11.0,0.0,0.0,0.0,started,22.0,1115.0,2021-08-06 20:30:45.690161,31.0,1065.0,2.0,28.0
0.0,AVERAGE,12.0,0.0,0.0,0.0,0.0,218.0,0.0,19.0,72.0,0.0,0.0,,,74.0,6.0,24.0,0.0,0.0,0.0,started,41.0,1116.0,2021-08-06 20:30:45.710285,33.0,1055.0,2.0,32.0
0.0,GOOD,12.0,0.0,0.0,0.0,0.0,406.0,0.0,33.0,76.0,0.0,0.0,,,74.0,6.0,24.0,0.0,0.0,0.0,started,41.0,1117.0,2021-08-06 20:30:45.731033,30.0,1026.0,2.0,32.0
0.0,AVERAGE,13.0,0.0,0.0,0.0,0.0,250.0,0.0,89.0,78.0,0.0,0.0,,,80.0,3.0,23.0,0.0,0.0,0.0,started,19.0,1118.0,2021-08-06 20:30:45.750286,30.0,1008.0,4.0,46.0
0.0,GOOD,14.0,0.0,0.0,0.0,0.0,342.0,0.0,73.0,33.0,0.0,0.0,,,79.0,6.0,76.0,0.0,0.0,0.0,started,76.0,1119.0,2021-08-06 20:30:45.770311,32.0,1237.0,2.0,3.0
0.0,AVERAGE,12.0,0.0,0.0,0.0,0.0,357.0,0.0,86.0,76.0,0.0,0.0,,,72.0,9.0,63.0,0.0,0.0,0.0,started,42.0,1120.0,2021-08-06 20:30:45.791400,31.0,1146.0,3.0,27.0
0.0,GOOD,13.0,0.0,0.0,0.0,0.0,368.0,0.0,47.0,55.0,0.0,0.0,,,82.0,7.0,67.0,0.0,0.0,0.0,started,36.0,1121.0,2021-08-06 20:30:45.811292,31.0,1107.0,6.0,7.0
0.0,GOOD,14.0,0.0,0.0,0.0,0.0,233.0,0.0,10.0,9.0,0.0,0.0,,,60.0,7.0,28.0,0.0,0.0,0.0,started,7.0,1122.0,2021-08-06 20:30:45.831507,34.0,1007.0,5.0,6.0
0.0,AVERAGE,14.0,0.0,0.0,0.0,0.0,425.0,0.0,71.0,0.0,0.0,0.0,,,62.0,6.0,34.0,0.0,0.0,0.0,started,6.0,1123.0,2021-08-06 20:30:45.850539,34.0,1114.0,1.0,14.0
0.0,GOOD,13.0,0.0,0.0,0.0,0.0,424.0,0.0,34.0,67.0,0.0,0.0,,,60.0,3.0,13.0,0.0,0.0,0.0,started,39.0,1124.0,2021-08-06 20:30:45.870900,34.0,1024.0,2.0,9.0
0.0,GOOD,14.0,0.0,0.0,0.0,0.0,312.0,0.0,62.0,61.0,0.0,0.0,,,58.0,4.0,59.0,0.0,0.0,0.0,started,2.0,1125.0,2021-08-06 20:30:45.891711,32.0,1154.0,2.0,47.0
0.0,AVERAGE,12.0,0.0,0.0,0.0,0.0,448.0,0.0,98.0,96.0,0.0,0.0,,,79.0,6.0,76.0,0.0,0.0,0.0,started,76.0,1126.0,2021-08-06 20:30:45.911939,31.0,1050.0,2.0,3.0
0.0,AVERAGE,14.0,0.0,0.0,0.0,0.0,257.0,0.0,82.0,84.0,0.0,0.0,,,85.0,4.0,16.0,0.0,0.0,0.0,started,18.0,1127.0,2021-08-06 20:30:45.930834,34.0,1151.0,1.0,18.0
0.0,GOOD,13.0,0.0,0.0,0.0,0.0,333.0,0.0,8.0,42.0,0.0,0.0,,,82.0,7.0,67.0,0.0,0.0,0.0,started,36.0,1128.0,2021-08-06 20:30:45.950854,31.0,1218.0,6.0,7.0
0.0,AVERAGE,13.0,0.0,0.0,0.0,0.0,392.0,0.0,84.0,88.0,0.0,0.0,,,80.0,3.0,55.0,0.0,0.0,0.0,started,11.0,1129.0,2021-08-06 20:30:45.972017,31.0,1215.0,6.0,14.0
0.0,GOOD,14.0,0.0,0.0,0.0,0.0,241.0,0.0,82.0,37.0,0.0,0.0,,,59.0,3.0,25.0,0.0,0.0,0.0,started,9.0,1130.0,2021-08-06 20:30:45.991970,34.0,1041.0,1.0,49.0
0.0,GOOD,14.0,0.0,0.0,0.0,0.0,309.0,0.0,87.0,72.0,0.0,0.0,,,58.0,1.0,44.0,0.0,0.0,0.0,started,14.0,1131.0,2021-08-06 20:30:46.013918,32.0,1135.0,0.0,37.0
0.0,AVERAGE,14.0,0.0,0.0,0.0,0.0,338.0,0.0,41.0,75.0,0.0,0.0,,,80.0,3.0,55.0,0.0,0.0,0.0,started,11.0,1132.0,2021-08-06 20:30:46.034464,32.0,1058.0,6.0,14.0
0.0,GOOD,13.0,0.0,0.0,0.0,0.0,326.0,0.0,53.0,81.0,0.0,0.0,,,59.0,8.0,42.0,0.0,0.0,0.0,started,37.0,1133.0,2021-08-06 20:30:46.053624,31.0,1194.0,7.0,6.0
0.0,GOOD,13.0,0.0,0.0,0.0,0.0,442.0,0.0,17.0,68.0,0.0,0.0,,,56.0,6.0,45.0,0.0,0.0,0.0,started,27.0,1134.0,2021-08-06 20:30:46.073836,34.0,1101.0,5.0,46.0
0.0,AVERAGE,12.0,0.0,0.0,0.0,0.0,320.0,0.0,98.0,31.0,0.0,0.0,,,73.0,2.0,65.0,0.0,0.0,0.0,started,20.0,1135.0,2021-08-06 20:30:46.094473,31.0,1051.0,4.0,18.0
0.0,AVERAGE,14.0,0.0,0.0,0.0,0.0,228.0,0.0,84.0,98.0,0.0,0.0,,,73.0,9.0,60.0,0.0,0.0,0.0,started,9.0,1136.0,2021-08-06 20:30:46.113716,30.0,1192.0,7.0,20.0
0.0,AVERAGE,13.0,0.0,0.0,0.0,0.0,353.0,0.0,71.0,20.0,0.0,0.0,,,74.0,6.0,24.0,0.0,0.0,0.0,started,41.0,1137.0,2021-08-06 20:30:46.136160,32.0,1000.0,2.0,32.0
0.0,AVERAGE,12.0,0.0,0.0,0.0,0.0,300.0,0.0,35.0,39.0,0.0,0.0,,,54.0,5.0,71.0,0.0,0.0,0.0,started,6.0,1138.0,2021-08-06 20:30:46.157297,32.0,1072.0,5.0,6.0
0.0,AVERAGE,12.0,0.0,0.0,0.0,0.0,372.0,0.0,3.0,8.0,0.0,0.0,,,57.0,4.0,73.0,0.0,0.0,0.0,started,63.0,1139.0,2021-08-06 20:30:46.175906,32.0,1161.0,6.0,36.0
0.0,AVERAGE,14.0,0.0,0.0,0.0,0.0,349.0,0.0,96.0,32.0,0.0,0.0,,,62.0,6.0,34.0,0.0,0.0,0.0,started,6.0,1140.0,2021-08-06 20:30:46.196808,32.0,1134.0,1.0,14.0
0.0,GOOD,13.0,0.0,0.0,0.0,0.0,361.0,0.0,10.0,80.0,0.0,0.0,,,54.0,5.0,71.0,0.0,0.0,0.0,started,6.0,1141.0,2021-08-06 20:30:46.217489,34.0,1208.0,5.0,6.0
0.0,AVERAGE,14.0,0.0,0.0,0.0,0.0,364.0,0.0,88.0,13.0,0.0,0.0,,,53.0,2.0,20.0,0.0,0.0,0.0,started,6.0,1142.0,2021-08-06 20:30:46.236987,34.0,1196.0,0.0,34.0
0.0,AVERAGE,14.0,0.0,0.0,0.0,0.0,374.0,0.0,64.0,23.0,0.0,0.0,,,60.0,7.0,28.0,0.0,0.0,0.0,started,7.0,1143.0,2021-08-06 20:30:46.256351,30.0,1174.0,5.0,6.0
0.0,GOOD,14.0,0.0,0.0,0.0,0.0,253.0,0.0,58.0,37.0,0.0,0.0,,,73.0,2.0,65.0,0.0,0.0,0.0,started,20.0,1144.0,2021-08-06 20:30:46.278674,32.0,1073.0,4.0,18.0
0.0,GOOD,13.0,0.0,0.0,0.0,0.0,295.0,0.0,15.0,3.0,0.0,0.0,,,80.0,3.0,23.0,0.0,0.0,0.0,started,19.0,1145.0,2021-08-06 20:30:46.298429,32.0,1157.0,4.0,46.0
0.0,AVERAGE,14.0,0.0,0.0,0.0,0.0,260.0,0.0,80.0,98.0,0.0,0.0,,,88.0,3.0,50.0,0.0,0.0,0.0,started,24.0,1146.0,2021-08-06 20:30:46.319024,32.0,1032.0,3.0,13.0
0.0,AVERAGE,13.0,0.0,0.0,0.0,0.0,327.0,0.0,4.0,7.0,0.0,0.0,,,82.0,7.0,67.0,0.0,0.0,0.0,started,36.0,1147.0,2021-08-06 20:30:46.338241,32.0,1109.0,6.0,7.0
0.0,AVERAGE,13.0,0.0,0.0,0.0,0.0,341.0,0.0,51.0,81.0,0.0,0.0,,,80.0,1.0,56.0,0.0,0.0,0.0,started,14.0,1148.0,2021-08-06 20:30:46.357740,30.0,1116.0,0.0,23.0
0.0,GOOD,14.0,0.0,0.0,0.0,0.0,410.0,0.0,55.0,95.0,0.0,0.0,,,68.0,6.0,26.0,0.0,0.0,0.0,started,20.0,1149.0,2021-08-06 20:30:46.379154,33.0,1054.0,5.0,43.0
0.0,GOOD,14.0,0.0,0.0,0.0,0.0,397.0,0.0,16.0,7.0,0.0,0.0,,,87.0,4.0,84.0,0.0,0.0,0.0,started,21.0,1150.0,2021-08-06 20:30:46.398494,33.0,1023.0,5.0,44.0
0.0,GOOD,13.0,0.0,0.0,0.0,0.0,284.0,0.0,49.0,69.0,0.0,0.0,,,81.0,0.0,66.0,0.0,0.0,0.0,started,45.0,1151.0,2021-08-06 20:30:46.418561,33.0,1002.0,6.0,41.0
0.0,GOOD,14.0,0.0,0.0,0.0,0.0,383.0,0.0,87.0,76.0,0.0,0.0,,,69.0,5.0,47.0,0.0,0.0,0.0,started,78.0,1152.0,2021-08-06 20:30:46.439540,30.0,1083.0,1.0,48.0
0.0,AVERAGE,13.0,0.0,0.0,0.0,0.0,413.0,0.0,87.0,69.0,0.0,0.0,,,69.0,9.0,80.0,0.0,0.0,0.0,started,34.0,1153.0,2021-08-06 20:30:46.461492,31.0,1088.0,6.0,16.0
0.0,GOOD,13.0,0.0,0.0,0.0,0.0,285.0,0.0,7.0,97.0,0.0,0.0,,,59.0,8.0,42.0,0.0,0.0,0.0,started,37.0,1154.0,2021-08-06 20:30:46.481927,31.0,1027.0,7.0,6.0
0.0,GOOD,12.0,0.0,0.0,0.0,0.0,362.0,0.0,20.0,36.0,0.0,0.0,,,72.0,1.0,46.0,0.0,0.0,0.0,started,73.0,1155.0,2021-08-06 20:30:46.502250,32.0,1010.0,3.0,39.0
0.0,GOOD,14.0,0.0,0.0,0.0,0.0,328.0,0.0,12.0,93.0,0.0,0.0,,,72.0,6.0,40.0,0.0,0.0,0.0,started,15.0,1156.0,2021-08-06 20:30:46.523479,31.0,1029.0,5.0,5.0
0.0,GOOD,13.0,0.0,0.0,0.0,0.0,291.0,0.0,10.0,10.0,0.0,0.0,,,65.0,9.0,22.0,0.0,0.0,0.0,started,56.0,1157.0,2021-08-06 20:30:46.543018,31.0,1012.0,1.0,15.0
0.0,AVERAGE,12.0,0.0,0.0,0.0,0.0,420.0,0.0,41.0,28.0,0.0,0.0,,,59.0,8.0,51.0,0.0,0.0,0.0,started,84.0,1158.0,2021-08-06 20:30:46.563041,31.0,1068.0,0.0,21.0
0.0,GOOD,13.0,0.0,0.0,0.0,0.0,354.0,0.0,24.0,67.0,0.0,0.0,,,59.0,4.0,27.0,0.0,0.0,0.0,started,46.0,1159.0,2021-08-06 20:30:46.584150,33.0,1180.0,6.0,21.0
0.0,GOOD,12.0,0.0,0.0,0.0,0.0,363.0,0.0,91.0,1.0,0.0,0.0,,,68.0,6.0,26.0,0.0,0.0,0.0,started,20.0,1160.0,2021-08-06 20:30:46.603494,34.0,1205.0,5.0,43.0
0.0,AVERAGE,13.0,0.0,0.0,0.0,0.0,334.0,0.0,34.0,31.0,0.0,0.0,,,80.0,0.0,79.0,0.0,0.0,0.0,started,55.0,1161.0,2021-08-06 20:30:46.623710,33.0,1079.0,7.0,17.0
0.0,GOOD,12.0,0.0,0.0,0.0,0.0,340.0,0.0,24.0,73.0,0.0,0.0,,,71.0,1.0,38.0,0.0,0.0,0.0,started,38.0,1162.0,2021-08-06 20:30:46.646737,31.0,1144.0,2.0,37.0
0.0,AVERAGE,12.0,0.0,0.0,0.0,0.0,318.0,0.0,17.0,83.0,0.0,0.0,,,53.0,2.0,58.0,0.0,0.0,0.0,started,5.0,1163.0,2021-08-06 20:30:46.664822,34.0,1071.0,2.0,19.0
0.0,GOOD,13.0,0.0,0.0,0.0,0.0,396.0,0.0,78.0,50.0,0.0,0.0,,,58.0,4.0,59.0,0.0,0.0,0.0,started,2.0,1164.0,2021-08-06 20:30:46.684904,34.0,1214.0,2.0,47.0
0.0,GOOD,12.0,0.0,0.0,0.0,0.0,389.0,0.0,72.0,16.0,0.0,0.0,,,58.0,1.0,44.0,0.0,0.0,0.0,started,14.0,1165.0,2021-08-06 20:30:46.706292,33.0,1100.0,0.0,37.0
0.0,GOOD,12.0,0.0,0.0,0.0,0.0,200.0,0.0,15.0,43.0,0.0,0.0,,,56.0,0.0,57.0,0.0,0.0,0.0,started,26.0,1166.0,2021-08-06 20:30:46.725677,30.0,1077.0,2.0,47.0
0.0,GOOD,12.0,0.0,0.0,0.0,0.0,441.0,0.0,18.0,6.0,0.0,0.0,,,60.0,7.0,28.0,0.0,0.0,0.0,started,7.0,1167.0,2021-08-06 20:30:46.746342,34.0,1035.0,5.0,6.0
0.0,GOOD,14.0,0.0,0.0,0.0,0.0,427.0,0.0,91.0,98.0,0.0,0.0,,,82.0,1.0,43.0,0.0,0.0,0.0,started,23.0,1168.0,2021-08-06 20:30:46.766781,33.0,1004.0,2.0,10.0
0.0,AVERAGE,12.0,0.0,0.0,0.0,0.0,388.0,0.0,78.0,23.0,0.0,0.0,,,80.0,3.0,55.0,0.0,0.0,0.0,started,11.0,1169.0,2021-08-06 20:30:46.786156,33.0,1145.0,6.0,14.0
0.0,AVERAGE,12.0,0.0,0.0,0.0,0.0,243.0,0.0,96.0,79.0,0.0,0.0,,,87.0,4.0,84.0,0.0,0.0,0.0,started,21.0,1170.0,2021-08-06 20:30:46.806327,30.0,1120.0,5.0,44.0
0.0,AVERAGE,14.0,0.0,0.0,0.0,0.0,379.0,0.0,0.0,22.0,0.0,0.0,,,71.0,1.0,38.0,0.0,0.0,0.0,started,38.0,1171.0,2021-08-06 20:30:46.828094,30.0,1213.0,2.0,37.0
0.0,AVERAGE,14.0,0.0,0.0,0.0,0.0,444.0,0.0,1.0,0.0,0.0,0.0,,,60.0,3.0,69.0,0.0,0.0,0.0,started,65.0,1172.0,2021-08-06 20:30:46.846871,34.0,1203.0,6.0,41.0
0.0,AVERAGE,12.0,0.0,0.0,0.0,0.0,360.0,0.0,47.0,37.0,0.0,0.0,,,60.0,3.0,13.0,0.0,0.0,0.0,started,39.0,1173.0,2021-08-06 20:30:46.867101,31.0,1173.0,2.0,9.0
0.0,GOOD,14.0,0.0,0.0,0.0,0.0,319.0,0.0,73.0,6.0,0.0,0.0,,,60.0,7.0,28.0,0.0,0.0,0.0,started,7.0,1174.0,2021-08-06 20:30:46.889390,30.0,1166.0,5.0,6.0
0.0,AVERAGE,13.0,0.0,0.0,0.0,0.0,437.0,0.0,18.0,82.0,0.0,0.0,,,77.0,8.0,77.0,0.0,0.0,0.0,started,81.0,1175.0,2021-08-06 20:30:46.908871,30.0,1195.0,3.0,49.0
0.0,AVERAGE,12.0,0.0,0.0,0.0,0.0,226.0,0.0,98.0,84.0,0.0,0.0,,,59.0,3.0,25.0,0.0,0.0,0.0,started,9.0,1176.0,2021-08-06 20:30:46.929749,31.0,1085.0,1.0,49.0
0.0,AVERAGE,13.0,0.0,0.0,0.0,0.0,235.0,0.0,81.0,27.0,0.0,0.0,,,82.0,2.0,75.0,0.0,0.0,0.0,started,64.0,1177.0,2021-08-06 20:30:46.948757,34.0,1159.0,3.0,32.0
0.0,GOOD,14.0,0.0,0.0,0.0,0.0,275.0,0.0,11.0,20.0,0.0,0.0,,,59.0,3.0,25.0,0.0,0.0,0.0,started,9.0,1178.0,2021-08-06 20:30:46.968816,30.0,1034.0,1.0,49.0
0.0,GOOD,14.0,0.0,0.0,0.0,0.0,308.0,0.0,87.0,77.0,0.0,0.0,,,83.0,0.0,48.0,0.0,0.0,0.0,started,77.0,1179.0,2021-08-06 20:30:46.989985,33.0,1048.0,0.0,31.0
0.0,GOOD,14.0,0.0,0.0,0.0,0.0,355.0,0.0,57.0,49.0,0.0,0.0,,,58.0,4.0,59.0,0.0,0.0,0.0,started,2.0,1180.0,2021-08-06 20:30:47.011968,34.0,1230.0,2.0,47.0
0.0,GOOD,14.0,0.0,0.0,0.0,0.0,359.0,0.0,23.0,60.0,0.0,0.0,,,80.0,3.0,55.0,0.0,0.0,0.0,started,11.0,1181.0,2021-08-06 20:30:47.031150,31.0,1037.0,6.0,14.0
0.0,GOOD,12.0,0.0,0.0,0.0,0.0,432.0,0.0,34.0,42.0,0.0,0.0,,,54.0,5.0,71.0,0.0,0.0,0.0,started,6.0,1182.0,2021-08-06 20:30:47.051460,33.0,1104.0,5.0,6.0
0.0,AVERAGE,13.0,0.0,0.0,0.0,0.0,416.0,0.0,41.0,28.0,0.0,0.0,,,53.0,2.0,20.0,0.0,0.0,0.0,started,6.0,1183.0,2021-08-06 20:30:47.072831,34.0,1103.0,0.0,34.0
0.0,AVERAGE,13.0,0.0,0.0,0.0,0.0,245.0,0.0,6.0,89.0,0.0,0.0,,,56.0,7.0,49.0,0.0,0.0,0.0,started,64.0,1184.0,2021-08-06 20:30:47.092747,32.0,1056.0,2.0,26.0
0.0,GOOD,13.0,0.0,0.0,0.0,0.0,403.0,0.0,97.0,31.0,0.0,0.0,,,73.0,9.0,60.0,0.0,0.0,0.0,started,9.0,1185.0,2021-08-06 20:30:47.112959,32.0,1131.0,7.0,20.0
0.0,GOOD,14.0,0.0,0.0,0.0,0.0,330.0,0.0,19.0,67.0,0.0,0.0,,,58.0,4.0,59.0,0.0,0.0,0.0,started,2.0,1186.0,2021-08-06 20:30:47.135085,32.0,1059.0,2.0,47.0
0.0,GOOD,14.0,0.0,0.0,0.0,0.0,215.0,0.0,68.0,84.0,0.0,0.0,,,72.0,6.0,40.0,0.0,0.0,0.0,started,15.0,1187.0,2021-08-06 20:30:47.156292,31.0,1043.0,5.0,5.0
0.0,AVERAGE,12.0,0.0,0.0,0.0,0.0,438.0,0.0,67.0,84.0,0.0,0.0,,,59.0,8.0,51.0,0.0,0.0,0.0,started,84.0,1188.0,2021-08-06 20:30:47.175404,31.0,1183.0,0.0,21.0
0.0,AVERAGE,12.0,0.0,0.0,0.0,0.0,246.0,0.0,90.0,90.0,0.0,0.0,,,85.0,3.0,14.0,0.0,0.0,0.0,started,15.0,1189.0,2021-08-06 20:30:47.196669,30.0,1094.0,6.0,7.0
0.0,AVERAGE,13.0,0.0,0.0,0.0,0.0,236.0,0.0,6.0,53.0,0.0,0.0,,,80.0,1.0,56.0,0.0,0.0,0.0,started,14.0,1190.0,2021-08-06 20:30:47.215747,34.0,1118.0,0.0,23.0
0.0,AVERAGE,13.0,0.0,0.0,0.0,0.0,234.0,0.0,72.0,18.0,0.0,0.0,,,72.0,9.0,63.0,0.0,0.0,0.0,started,42.0,1191.0,2021-08-06 20:30:47.236048,31.0,1187.0,3.0,27.0
0.0,GOOD,14.0,0.0,0.0,0.0,0.0,435.0,0.0,68.0,83.0,0.0,0.0,,,87.0,4.0,84.0,0.0,0.0,0.0,started,21.0,1192.0,2021-08-06 20:30:47.256926,30.0,1136.0,5.0,44.0
0.0,GOOD,14.0,0.0,0.0,0.0,0.0,248.0,0.0,18.0,8.0,0.0,0.0,,,65.0,9.0,22.0,0.0,0.0,0.0,started,56.0,1193.0,2021-08-06 20:30:47.276138,30.0,1177.0,1.0,15.0
0.0,GOOD,13.0,0.0,0.0,0.0,0.0,414.0,0.0,31.0,36.0,0.0,0.0,,,53.0,2.0,58.0,0.0,0.0,0.0,started,5.0,1194.0,2021-08-06 20:30:47.296305,30.0,1066.0,2.0,19.0
0.0,AVERAGE,12.0,0.0,0.0,0.0,0.0,370.0,0.0,48.0,6.0,0.0,0.0,,,80.0,3.0,23.0,0.0,0.0,0.0,started,19.0,1195.0,2021-08-06 20:30:47.317524,31.0,1013.0,4.0,46.0
0.0,GOOD,13.0,0.0,0.0,0.0,0.0,375.0,0.0,40.0,37.0,0.0,0.0,,,79.0,6.0,76.0,0.0,0.0,0.0,started,76.0,1196.0,2021-08-06 20:30:47.338370,31.0,1092.0,2.0,3.0
0.0,GOOD,12.0,0.0,0.0,0.0,0.0,376.0,0.0,49.0,53.0,0.0,0.0,,,80.0,1.0,56.0,0.0,0.0,0.0,started,14.0,1197.0,2021-08-06 20:30:47.358208,30.0,1040.0,0.0,23.0
0.0,GOOD,12.0,0.0,0.0,0.0,0.0,440.0,0.0,82.0,96.0,0.0,0.0,,,59.0,4.0,27.0,0.0,0.0,0.0,started,46.0,1198.0,2021-08-06 20:30:47.379815,33.0,1169.0,6.0,21.0
0.0,GOOD,14.0,0.0,0.0,0.0,0.0,329.0,0.0,47.0,90.0,0.0,0.0,,,53.0,8.0,41.0,0.0,0.0,0.0,started,69.0,1199.0,2021-08-06 20:30:47.398594,30.0,1057.0,2.0,43.0
0.0,GOOD,14.0,0.0,0.0,0.0,0.0,286.0,0.0,48.0,20.0,0.0,0.0,,,55.0,8.0,81.0,0.0,0.0,0.0,started,55.0,1200.0,2021-08-06 20:30:47.418723,33.0,1178.0,3.0,12.0
0.0,AVERAGE,12.0,0.0,0.0,0.0,0.0,358.0,0.0,15.0,81.0,0.0,0.0,,,75.0,7.0,83.0,0.0,0.0,0.0,started,51.0,1201.0,2021-08-06 20:30:47.439827,31.0,1096.0,4.0,45.0
0.0,AVERAGE,14.0,0.0,0.0,0.0,0.0,229.0,0.0,1.0,21.0,0.0,0.0,,,77.0,8.0,77.0,0.0,0.0,0.0,started,81.0,1202.0,2021-08-06 20:30:47.459329,31.0,1190.0,3.0,49.0
0.0,AVERAGE,14.0,0.0,0.0,0.0,0.0,301.0,0.0,5.0,51.0,0.0,0.0,,,67.0,6.0,10.0,0.0,0.0,0.0,started,46.0,1203.0,2021-08-06 20:30:47.479298,30.0,1211.0,6.0,38.0
0.0,AVERAGE,14.0,0.0,0.0,0.0,0.0,428.0,0.0,79.0,25.0,0.0,0.0,,,63.0,9.0,30.0,0.0,0.0,0.0,started,9.0,1204.0,2021-08-06 20:30:47.500564,30.0,1062.0,4.0,36.0
0.0,GOOD,14.0,0.0,0.0,0.0,0.0,387.0,0.0,69.0,43.0,0.0,0.0,,,51.0,7.0,39.0,0.0,0.0,0.0,started,56.0,1205.0,2021-08-06 20:30:47.519482,32.0,1069.0,2.0,39.0
0.0,AVERAGE,12.0,0.0,0.0,0.0,0.0,237.0,0.0,19.0,74.0,0.0,0.0,,,51.0,7.0,39.0,0.0,0.0,0.0,started,56.0,1206.0,2021-08-06 20:30:47.539942,30.0,1210.0,2.0,39.0
0.0,GOOD,14.0,0.0,0.0,0.0,0.0,378.0,0.0,52.0,25.0,0.0,0.0,,,60.0,3.0,13.0,0.0,0.0,0.0,started,39.0,1207.0,2021-08-06 20:30:47.561365,31.0,1028.0,2.0,9.0
0.0,AVERAGE,12.0,0.0,0.0,0.0,0.0,351.0,0.0,9.0,38.0,0.0,0.0,,,87.0,4.0,84.0,0.0,0.0,0.0,started,21.0,1208.0,2021-08-06 20:30:47.580136,31.0,1179.0,5.0,44.0
0.0,AVERAGE,13.0,0.0,0.0,0.0,0.0,219.0,0.0,3.0,66.0,0.0,0.0,,,85.0,4.0,16.0,0.0,0.0,0.0,started,18.0,1209.0,2021-08-06 20:30:47.600631,34.0,1188.0,1.0,18.0
0.0,GOOD,13.0,0.0,0.0,0.0,0.0,443.0,0.0,85.0,11.0,0.0,0.0,,,60.0,7.0,74.0,0.0,0.0,0.0,started,13.0,1210.0,2021-08-06 20:30:47.621797,30.0,1001.0,7.0,13.0
0.0,AVERAGE,13.0,0.0,0.0,0.0,0.0,265.0,0.0,66.0,64.0,0.0,0.0,,,80.0,3.0,55.0,0.0,0.0,0.0,started,11.0,1211.0,2021-08-06 20:30:47.643272,31.0,1140.0,6.0,14.0
0.0,GOOD,12.0,0.0,0.0,0.0,0.0,304.0,0.0,78.0,45.0,0.0,0.0,,,73.0,9.0,60.0,0.0,0.0,0.0,started,9.0,1212.0,2021-08-06 20:30:47.664013,32.0,1111.0,7.0,20.0
0.0,GOOD,13.0,0.0,0.0,0.0,0.0,310.0,0.0,19.0,80.0,0.0,0.0,,,82.0,7.0,67.0,0.0,0.0,0.0,started,36.0,1213.0,2021-08-06 20:30:47.683190,32.0,1078.0,6.0,7.0
0.0,AVERAGE,13.0,0.0,0.0,0.0,0.0,447.0,0.0,5.0,42.0,0.0,0.0,,,60.0,3.0,13.0,0.0,0.0,0.0,started,39.0,1214.0,2021-08-06 20:30:47.703607,30.0,1099.0,2.0,9.0
0.0,AVERAGE,13.0,0.0,0.0,0.0,0.0,335.0,0.0,34.0,4.0,0.0,0.0,,,80.0,2.0,31.0,0.0,0.0,0.0,started,16.0,1215.0,2021-08-06 20:30:47.724135,33.0,1181.0,7.0,30.0
0.0,GOOD,12.0,0.0,0.0,0.0,0.0,346.0,0.0,45.0,61.0,0.0,0.0,,,75.0,0.0,72.0,0.0,0.0,0.0,started,58.0,1216.0,2021-08-06 20:30:47.745636,34.0,1089.0,2.0,9.0
0.0,AVERAGE,14.0,0.0,0.0,0.0,0.0,400.0,0.0,77.0,11.0,0.0,0.0,,,58.0,4.0,59.0,0.0,0.0,0.0,started,2.0,1217.0,2021-08-06 20:30:47.764255,34.0,1137.0,2.0,47.0
0.0,AVERAGE,14.0,0.0,0.0,0.0,0.0,258.0,0.0,96.0,34.0,0.0,0.0,,,63.0,9.0,30.0,0.0,0.0,0.0,started,9.0,1218.0,2021-08-06 20:30:47.784896,33.0,1076.0,4.0,36.0
0.0,AVERAGE,12.0,0.0,0.0,0.0,0.0,230.0,0.0,86.0,88.0,0.0,0.0,,,53.0,2.0,58.0,0.0,0.0,0.0,started,5.0,1219.0,2021-08-06 20:30:47.806334,32.0,1117.0,2.0,19.0
0.0,AVERAGE,13.0,0.0,0.0,0.0,0.0,347.0,0.0,47.0,31.0,0.0,0.0,,,64.0,2.0,82.0,0.0,0.0,0.0,started,40.0,1220.0,2021-08-06 20:30:47.825681,30.0,1142.0,3.0,4.0
0.0,GOOD,12.0,0.0,0.0,0.0,0.0,289.0,0.0,28.0,16.0,0.0,0.0,,,73.0,2.0,65.0,0.0,0.0,0.0,started,20.0,1221.0,2021-08-06 20:30:47.846526,30.0,1240.0,4.0,18.0
0.0,AVERAGE,12.0,0.0,0.0,0.0,0.0,313.0,0.0,78.0,15.0,0.0,0.0,,,63.0,9.0,30.0,0.0,0.0,0.0,started,9.0,1222.0,2021-08-06 20:30:47.868660,34.0,1061.0,4.0,36.0
0.0,AVERAGE,12.0,0.0,0.0,0.0,0.0,449.0,0.0,60.0,11.0,0.0,0.0,,,75.0,7.0,83.0,0.0,0.0,0.0,started,51.0,1223.0,2021-08-06 20:30:47.889300,30.0,1123.0,4.0,45.0
0.0,AVERAGE,12.0,0.0,0.0,0.0,0.0,343.0,0.0,6.0,30.0,0.0,0.0,,,52.0,4.0,78.0,0.0,0.0,0.0,started,61.0,1224.0,2021-08-06 20:30:47.909763,32.0,1184.0,5.0,38.0
0.0,AVERAGE,13.0,0.0,0.0,0.0,0.0,288.0,0.0,16.0,87.0,0.0,0.0,,,53.0,2.0,58.0,0.0,0.0,0.0,started,5.0,1225.0,2021-08-06 20:30:47.930967,30.0,1212.0,2.0,19.0
0.0,GOOD,12.0,0.0,0.0,0.0,0.0,314.0,0.0,13.0,87.0,0.0,0.0,,,58.0,4.0,59.0,0.0,0.0,0.0,started,2.0,1226.0,2021-08-06 20:30:47.951696,32.0,1141.0,2.0,47.0
0.0,AVERAGE,13.0,0.0,0.0,0.0,0.0,445.0,0.0,66.0,43.0,0.0,0.0,,,60.0,3.0,69.0,0.0,0.0,0.0,started,65.0,1227.0,2021-08-06 20:30:47.971529,30.0,1160.0,6.0,41.0
0.0,AVERAGE,14.0,0.0,0.0,0.0,0.0,344.0,0.0,78.0,47.0,0.0,0.0,,,87.0,4.0,84.0,0.0,0.0,0.0,started,21.0,1228.0,2021-08-06 20:30:47.991734,34.0,1019.0,5.0,44.0
0.0,AVERAGE,14.0,0.0,0.0,0.0,0.0,352.0,0.0,23.0,46.0,0.0,0.0,,,58.0,4.0,59.0,0.0,0.0,0.0,started,2.0,1229.0,2021-08-06 20:30:48.011071,33.0,1102.0,2.0,47.0
0.0,GOOD,12.0,0.0,0.0,0.0,0.0,409.0,0.0,25.0,32.0,0.0,0.0,,,67.0,6.0,10.0,0.0,0.0,0.0,started,46.0,1230.0,2021-08-06 20:30:48.032495,31.0,1176.0,6.0,38.0
0.0,AVERAGE,13.0,0.0,0.0,0.0,0.0,201.0,0.0,77.0,82.0,0.0,0.0,,,59.0,4.0,27.0,0.0,0.0,0.0,started,46.0,1231.0,2021-08-06 20:30:48.051915,30.0,1064.0,6.0,21.0
0.0,GOOD,12.0,0.0,0.0,0.0,0.0,436.0,0.0,79.0,65.0,0.0,0.0,,,69.0,6.0,21.0,0.0,0.0,0.0,started,48.0,1232.0,2021-08-06 20:30:48.071934,34.0,1223.0,5.0,45.0
0.0,AVERAGE,14.0,0.0,0.0,0.0,0.0,216.0,0.0,1.0,30.0,0.0,0.0,,,56.0,0.0,57.0,0.0,0.0,0.0,started,26.0,1233.0,2021-08-06 20:30:48.093276,30.0,1171.0,2.0,47.0
0.0,GOOD,12.0,0.0,0.0,0.0,0.0,325.0,0.0,43.0,59.0,0.0,0.0,,,59.0,8.0,42.0,0.0,0.0,0.0,started,37.0,1234.0,2021-08-06 20:30:48.113708,34.0,1242.0,7.0,6.0
0.0,AVERAGE,14.0,0.0,0.0,0.0,0.0,337.0,0.0,9.0,1.0,0.0,0.0,,,78.0,5.0,37.0,0.0,0.0,0.0,started,61.0,1235.0,2021-08-06 20:30:48.133585,33.0,1244.0,3.0,48.0
0.0,AVERAGE,12.0,0.0,0.0,0.0,0.0,281.0,0.0,26.0,71.0,0.0,0.0,,,79.0,6.0,68.0,0.0,0.0,0.0,started,63.0,1236.0,2021-08-06 20:30:48.155073,33.0,1080.0,1.0,26.0
0.0,GOOD,12.0,0.0,0.0,0.0,0.0,238.0,0.0,17.0,40.0,0.0,0.0,,,54.0,5.0,71.0,0.0,0.0,0.0,started,6.0,1237.0,2021-08-06 20:30:48.175535,32.0,1225.0,5.0,6.0
0.0,AVERAGE,12.0,0.0,0.0,0.0,0.0,262.0,0.0,56.0,31.0,0.0,0.0,,,60.0,7.0,28.0,0.0,0.0,0.0,started,7.0,1238.0,2021-08-06 20:30:48.194867,33.0,1090.0,5.0,6.0
0.0,AVERAGE,14.0,0.0,0.0,0.0,0.0,274.0,0.0,8.0,76.0,0.0,0.0,,,69.0,6.0,21.0,0.0,0.0,0.0,started,48.0,1239.0,2021-08-06 20:30:48.215549,34.0,1086.0,5.0,45.0
0.0,AVERAGE,12.0,0.0,0.0,0.0,0.0,316.0,0.0,61.0,35.0,0.0,0.0,,,53.0,3.0,61.0,0.0,0.0,0.0,started,57.0,1240.0,2021-08-06 20:30:48.234717,30.0,1199.0,0.0,30.0
0.0,AVERAGE,13.0,0.0,0.0,0.0,0.0,256.0,0.0,98.0,60.0,0.0,0.0,,,73.0,2.0,65.0,0.0,0.0,0.0,started,20.0,1241.0,2021-08-06 20:30:48.255630,34.0,1129.0,4.0,18.0
0.0,AVERAGE,14.0,0.0,0.0,0.0,0.0,206.0,0.0,26.0,62.0,0.0,0.0,,,59.0,3.0,25.0,0.0,0.0,0.0,started,9.0,1242.0,2021-08-06 20:30:48.275710,33.0,1147.0,1.0,49.0
0.0,AVERAGE,12.0,0.0,0.0,0.0,0.0,278.0,0.0,56.0,96.0,0.0,0.0,,,58.0,1.0,15.0,0.0,0.0,0.0,started,23.0,1243.0,2021-08-06 20:30:48.296876,30.0,1156.0,2.0,42.0
0.0,AVERAGE,13.0,0.0,0.0,0.0,0.0,446.0,0.0,12.0,41.0,0.0,0.0,,,80.0,2.0,31.0,0.0,0.0,0.0,started,16.0,1244.0,2021-08-06 20:30:48.315883,32.0,1091.0,7.0,30.0
0.0,AVERAGE,14.0,0.0,0.0,0.0,0.0,404.0,0.0,85.0,67.0,0.0,0.0,,,83.0,0.0,48.0,0.0,0.0,0.0,started,77.0,1245.0,2021-08-06 20:30:48.336051,34.0,1248.0,0.0,31.0
0.0,AVERAGE,14.0,0.0,0.0,0.0,0.0,418.0,0.0,4.0,52.0,0.0,0.0,,,85.0,4.0,16.0,0.0,0.0,0.0,started,18.0,1246.0,2021-08-06 20:30:48.357347,34.0,1014.0,1.0,18.0
0.0,AVERAGE,13.0,0.0,0.0,0.0,0.0,380.0,0.0,90.0,26.0,0.0,0.0,,,82.0,0.0,11.0,0.0,0.0,0.0,started,22.0,1247.0,2021-08-06 20:30:48.377362,33.0,1227.0,2.0,28.0
0.0,GOOD,14.0,0.0,0.0,0.0,0.0,431.0,0.0,68.0,24.0,0.0,0.0,,,50.0,3.0,52.0,0.0,0.0,0.0,started,59.0,1248.0,2021-08-06 20:30:48.397787,30.0,1233.0,4.0,36.0
0.0,AVERAGE,12.0,0.0,0.0,0.0,0.0,244.0,0.0,78.0,71.0,0.0,0.0,,,68.0,6.0,26.0,0.0,0.0,0.0,started,20.0,1249.0,2021-08-06 20:30:48.418765,32.0,1234.0,5.0,43.0
