ID,LICENSE_PLATE,REGISTERED_STATE,SAFETY_SCORE,MAKE,MODEL,YEAR,TOTAL_MILES_DONE,CAPACITY,BATTERY_HEALTH,BATTERY_VOLTAGE,TYRE_PRESSURE,FUEL_LEVEL,OIL_LEVEL,DASH_CAM_IP,LAST_SERVICE_DATE,LAST_SERVICE_MILES,NEXT_SERVICE_DATE,NEXT_SERVICE_MILES
1000,NH-6402,NH,82,Arcimoto  ,Gamma,2009,11654,STD,AVERAGE,13,32,71,20,138.191.25.244,1616152135531,10212,1630262319248,15294
1001,WY-6789,WY,82,Suzuki Motor ,Delta,2011,36206,XL LARGE,GOOD,13,30,85,11,85.88.33.73,1625761876377,27133,1636461484817,43773
1002,HI-2699,HI,69,FAW Car ,Alpha,2020,79018,XL LARGE,GOOD,13,33,49,69,140.5.135.253,1621564806588,75031,1639678276738,82724
1003,MS-9927,MS,53,Honda  ,Epsilon,2008,75135,XL LARGE,GOOD,13,34,33,2,184.216.240.204,1612904448086,66876,1632485799734,80555
1004,IA-8332,IA,96,SAIC Motor ,Zeta,2007,51140,XL LARGE,GOOD,14,33,91,98,194.147.229.93,1621098817128,44880,1638221411413,58814
1005,TN-7664,TN,63,Canoo  ,Beta,2009,29608,LARGE,GOOD,14,33,19,22,141.5.213.132,1609231706102,25562,1634651005163,36130
1006,TX-2629,TX,75,NIO  ,Delta,2014,26695,STD,AVERAGE,12,31,65,46,139.115.37.165,1609189845758,25577,1637071500716,29159
1007,AR-9537,AR,87,Chongqing Changan ,Beta,2009,27707,STD,GOOD,14,34,10,9,192.35.235.236,1618586448234,19087,1638459035852,29613
1008,MI-7334,MI,74,Fisker  ,Epsilon,2020,27338,XL LARGE,AVERAGE,13,30,89,78,175.158.51.49,1616652685165,20294,1632886594654,34556
1009,IL-5319,IL,73,Toyota  ,Beta,2011,60201,LARGE,GOOD,13,32,15,12,179.246.105.46,1615953007933,51922,1637299739632,66591
1010,AZ-5811,AZ,97,NIO  ,Gamma,2007,17328,STD,GOOD,12,32,20,36,159.162.45.52,1616730692537,8279,1638791125784,21780
1011,NV-2623,NV,54,Hyundai  ,Delta,2008,25803,STD,AVERAGE,14,31,30,35,175.210.160.30,1608542965163,19343,1637888982050,34639
1012,TN-4415,TN,90,Mazda  ,Zeta,2016,49870,STD,GOOD,13,31,10,10,94.58.129.19,1613350248399,47290,1634059666972,54231
1013,WI-6728,WI,54,XPeng  ,Delta,2010,73190,LARGE,AVERAGE,12,31,48,6,160.100.95.254,1620504154421,69196,1637644908371,76890
1014,OK-8225,OK,84,SsangYong Motor,Epsilon,2009,57553,LARGE,AVERAGE,14,34,4,52,138.2.84.96,1624001475766,56295,1640451885051,64343
1015,IA-8417,IA,86,Honda  ,Epsilon,2006,62810,LARGE,AVERAGE,12,30,25,40,73.208.109.125,1625117615175,58405,1634547488279,65019
1016,DE-4906,DE,53,Subaru  ,Gamma,2019,78447,LARGE,GOOD,14,31,52,54,107.47.243.199,1618964068644,72744,1640414844905,84321
1017,ND-7367,ND,53,BYD  ,Delta,2015,73134,STD,GOOD,12,32,58,37,173.7.164.103,1613566874783,67569,1632650637985,79739
1018,CO-3545,CO,53,Ford  ,Epsilon,2014,18264,XL LARGE,GOOD,14,30,19,75,121.80.164.48,1615495587715,10090,1632933351360,25907
1019,SD-9566,SD,60,Honda  ,Zeta,2005,52503,XL LARGE,AVERAGE,14,34,78,47,102.28.162.102,1609595807521,50812,1630946717950,57192
1020,NY-5622,NY,89,Volkswagen  ,Beta,2006,54006,STD,GOOD,14,30,12,56,81.51.214.165,1616167187427,47141,1630024604149,58150
1021,IN-2755,IN,68,XPeng  ,Delta,2012,5670,XL LARGE,GOOD,12,31,2,41,140.89.19.82,1623080366010,3137,1640381796516,8540
1022,SC-2514,SC,70,NIO  ,Delta,2019,90327,LARGE,GOOD,14,33,73,39,131.112.57.9,1612444488069,86704,1641144415660,99692
1023,LA-8894,LA,63,Nissan  ,Zeta,2010,99783,XL LARGE,GOOD,14,33,16,7,184.13.246.97,1623910256369,96166,1630887011034,108991
1024,CT-9104,CT,53,SsangYong Motor,Zeta,2019,35952,XL LARGE,GOOD,13,34,34,67,135.193.245.162,1609808637312,27585,1634398075741,38144
1025,NV-4461,NV,66,Stellantis  ,Gamma,2019,73065,LARGE,GOOD,13,31,58,29,211.170.163.216,1614916822697,65270,1638133783381,77052
1026,AK-2879,AK,93,Subaru  ,Beta,2008,20951,XL LARGE,GOOD,12,30,33,76,102.159.228.45,1623221018127,13264,1635437275820,22259
1027,TX-4886,TX,52,BMW  ,Beta,2013,80113,STD,GOOD,13,31,7,97,23.21.138.251,1619719189361,77416,1639698063053,88040
1028,SD-6576,SD,98,Volkswagen  ,Gamma,2008,66021,LARGE,GOOD,14,31,52,25,15.125.227.245,1615183150263,63125,1631559712854,72205
1029,SC-3313,SC,95,Tesla  ,Delta,2013,41139,STD,GOOD,14,31,12,93,20.55.125.217,1617376293816,37187,1638744080933,46398
1030,MI-1455,MI,76,Stellantis  ,Zeta,2013,53718,XL LARGE,AVERAGE,14,34,30,29,102.254.230.196,1621263337569,47256,1640700611563,61219
1031,DE-1105,DE,69,  ,Gamma,2005,45528,LARGE,GOOD,14,32,5,18,36.225.92.91,1607500651128,37386,1632790688211,54225
1032,WA-6084,WA,68,Dongfeng Motor ,Gamma,2012,72698,STD,AVERAGE,14,32,80,98,48.217.64.151,1618784289068,68144,1638077464995,75649
1033,HI-9837,HI,73,Subaru  ,Beta,2015,38884,XL LARGE,AVERAGE,13,30,98,77,98.34.230.181,1626322273403,36491,1635590800650,45034
1034,OK-4249,OK,89,Daimler  ,Gamma,2007,26806,LARGE,GOOD,14,30,11,20,247.109.210.105,1626806308105,23203,1638409832552,32164
1035,PA-2828,PA,96,Hotai Motor ,Alpha,2019,69436,LARGE,GOOD,12,34,18,6,93.146.240.141,1607713224546,66629,1630096893398,78304
1036,NH-8759,NH,76,Geely  ,Gamma,2016,76101,LARGE,GOOD,13,32,23,9,32.112.235.20,1613122597705,73860,1635184747579,83748
1037,FL-3239,FL,78,Honda  ,Beta,2006,23948,STD,GOOD,14,31,23,60,175.151.71.153,1627933069381,17478,1631498406835,32862
1038,WY-2854,WY,89,Chongqing Changan ,Delta,2018,55649,LARGE,GOOD,14,34,77,54,28.172.204.8,1619458205205,51098,1637403857809,56457
1039,NE-5445,NE,55,Honda  ,Alpha,2019,93821,STD,AVERAGE,13,34,22,6,30.55.189.13,1609629407790,85692,1638601243794,102201
1040,ME-5630,ME,83,Tata Motors ,Gamma,2019,43079,STD,GOOD,12,30,49,53,91.94.175.174,1608393490243,34144,1631002375260,48025
1041,KY-4178,KY,53,Nissan  ,Alpha,2011,70172,LARGE,GOOD,14,34,82,37,154.29.155.126,1622436474271,67077,1631784767215,73449
1042,ID-7904,ID,61,Toyota  ,Epsilon,2017,59508,LARGE,AVERAGE,14,32,24,46,185.125.48.121,1625314604930,52406,1635978336115,67459
1043,WA-5651,WA,96,Mazda  ,Beta,2017,45857,STD,GOOD,14,31,68,84,157.230.189.164,1617111570220,41533,1633015731702,52638
1044,CT-2065,CT,83,Isuzu  ,Alpha,2013,89163,STD,AVERAGE,12,32,52,61,197.163.253.151,1624239977902,87549,1637744021021,98093
1045,MO-7595,MO,92,Mahindra & Mahindra,Epsilon,2010,17764,LARGE,AVERAGE,12,34,95,22,159.175.189.92,1625269516437,8585,1629113572668,23315
1046,NM-9665,NM,79,BYD  ,Alpha,2010,92865,XL LARGE,GOOD,14,31,67,29,177.141.184.90,1615251781941,91002,1630663918624,95084
1047,VA-9702,VA,79,  ,Alpha,2005,91968,STD,GOOD,12,34,51,2,121.233.6.198,1621287213905,90889,1638538893756,95277
1048,AL-5519,AL,66,Mazda  ,Gamma,2009,84874,XL LARGE,GOOD,14,33,87,77,23.214.65.190,1611231211744,80905,1638588713725,91311
1049,LA-2056,LA,83,Nikola  ,Delta,2011,62680,LARGE,GOOD,13,32,74,0,55.28.240.245,1626831471518,56126,1641121356360,71438
1050,AR-9911,AR,72,Mazda  ,Beta,2007,95983,STD,AVERAGE,12,31,98,96,241.27.231.95,1624508505307,91372,1638554653391,98010
1051,AR-6737,AR,92,Stellantis  ,Alpha,2005,7824,LARGE,AVERAGE,12,31,98,31,74.140.130.29,1614284411700,2346,1635535205155,16339
1052,AZ-3436,AZ,52,Isuzu  ,Zeta,2019,86598,LARGE,AVERAGE,13,31,23,57,125.196.220.203,1623653578921,85578,1635654330421,91590
1053,NV-8905,NV,54,Suzuki Motor ,Epsilon,2011,45410,LARGE,AVERAGE,12,31,21,0,209.210.62.85,1614814367516,43823,1634019555042,49923
1054,PA-9098,PA,65,Honda  ,Delta,2019,64214,STD,GOOD,14,33,55,95,62.212.85.209,1612972351717,58106,1630993436679,72190
1055,MS-6250,MS,61,Geely  ,Epsilon,2014,92405,XL LARGE,AVERAGE,12,33,19,72,245.126.202.96,1627289715368,86068,1630347815513,97171
1056,SD-8106,SD,54,Honda  ,Delta,2020,44721,STD,AVERAGE,13,32,6,89,244.172.222.41,1612277596160,42762,1633027099281,49539
1057,WY-8831,WY,80,XPeng  ,Delta,2016,75297,LARGE,GOOD,14,30,47,90,174.214.196.92,1628261145873,65817,1630342860255,76970
1058,TX-6311,TX,78,XPeng  ,Gamma,2008,65061,STD,AVERAGE,14,32,41,75,252.188.134.176,1608322402130,56446,1634175089340,70653
1059,CO-4399,CO,73,Kia  ,Epsilon,2006,12530,XL LARGE,GOOD,14,32,19,67,81.45.41.34,1617081896179,11146,1640733900577,16486
1060,NY-9082,NY,68,Stellantis  ,Epsilon,2005,38686,STD,GOOD,12,32,5,36,132.84.214.216,1619584583298,37060,1640755975377,40590
1061,OR-4153,OR,79,Subaru  ,Gamma,2014,45347,XL LARGE,AVERAGE,12,34,78,15,117.86.135.64,1614689527308,39788,1632873824671,47578
1062,MN-5388,MN,97,SAIC Motor ,Zeta,2009,22974,STD,AVERAGE,14,30,79,25,101.244.45.110,1613549858312,17221,1632785082702,29033
1063,NY-9237,NY,70,  ,Beta,2016,54506,STD,GOOD,14,33,31,35,167.44.19.48,1617275068050,52549,1630374906953,56948
1064,NC-4467,NC,87,Honda  ,Alpha,2017,10971,STD,AVERAGE,13,30,77,82,184.192.79.90,1622211376739,5001,1633658209261,15439
1065,NV-1170,NV,54,Canoo  ,Delta,2018,87472,LARGE,GOOD,14,31,0,27,125.142.49.198,1627305887411,82304,1634229327146,96678
1066,FL-3220,FL,90,Mazda  ,Alpha,2015,44448,STD,GOOD,13,30,31,36,202.107.219.208,1621574744838,37397,1632426667335,47797
1067,NH-1645,NH,68,Stellantis  ,Gamma,2016,27363,STD,AVERAGE,12,32,58,58,214.242.22.250,1611077761591,24347,1632180264723,30168
1068,WY-1198,WY,75,Suzuki Motor ,Delta,2005,77460,LARGE,AVERAGE,12,31,41,28,52.219.250.26,1622312034465,75737,1639119564818,85965
1069,NH-4075,NH,69,SAIC Motor ,Delta,2012,63049,LARGE,GOOD,14,32,69,43,125.9.102.234,1616700617243,60681,1630013656333,70623
1070,VT-2356,VT,77,Mahindra & Mahindra,Zeta,2016,11469,XL LARGE,AVERAGE,14,34,30,3,126.172.204.48,1621079081411,3093,1629318233118,13157
1071,AR-6452,AR,85,Canoo  ,Beta,2006,92508,STD,AVERAGE,12,34,17,83,146.109.116.90,1626666664910,89750,1636734061157,93745
1072,SD-7078,SD,76,FAW Car ,Gamma,2018,71651,XL LARGE,AVERAGE,12,32,35,39,157.120.32.153,1607439648997,63521,1631198698453,79403
1073,HI-7983,HI,74,General Motors ,Beta,2006,72663,XL LARGE,GOOD,14,32,58,37,233.207.0.143,1623229983945,70447,1635955416995,79252
1074,MO-8156,MO,95,SAIC Motor ,Beta,2016,86455,XL LARGE,AVERAGE,12,34,29,85,10.163.181.17,1607163833681,77171,1635149297501,92117
1075,LA-6270,LA,58,XPeng  ,Alpha,2007,57084,STD,GOOD,12,33,72,94,182.183.251.187,1618582645726,52367,1637854081969,66309
1076,UT-5747,UT,90,Aston Martin ,Zeta,2019,48852,STD,AVERAGE,14,33,96,34,230.185.238.15,1610757951593,43165,1632951765715,49663
1077,IL-1516,IL,77,Ferrari  ,Delta,2006,65255,XL LARGE,GOOD,12,30,15,43,71.91.204.149,1609338680926,59413,1634298289866,74334
1078,OK-1013,OK,81,Fisker  ,Delta,2020,25678,STD,GOOD,13,32,19,80,108.21.67.254,1606774351424,18947,1628796714473,27315
1079,NM-3309,NM,82,NIO  ,Epsilon,2007,46886,LARGE,AVERAGE,13,33,34,31,54.167.138.251,1626593188969,42417,1635754163857,54112
1080,RI-8885,RI,51,Suzuki Motor ,Beta,2007,21704,STD,AVERAGE,12,33,26,71,125.70.241.33,1617627616203,19825,1631181196385,25124
1081,WV-2823,WV,62,Kia  ,Alpha,2009,94248,STD,GOOD,13,30,18,49,3.99.228.171,1615629066270,91109,1638354052996,95651
1082,MD-8236,MD,97,Mazda  ,Epsilon,2005,38561,LARGE,AVERAGE,14,30,36,64,164.243.118.101,1616487964326,30109,1630548115098,46932
1083,AL-4996,AL,92,Polaris  ,Zeta,2010,82958,LARGE,GOOD,14,30,87,76,238.236.216.15,1626879621052,73999,1634651862765,91139
1084,IL-3964,IL,59,  ,Gamma,2009,14974,XL LARGE,AVERAGE,14,33,0,72,199.137.72.201,1625185267351,11882,1636420463817,20148
1085,MT-6027,MT,58,Hotai Motor ,Alpha,2019,36074,LARGE,AVERAGE,12,31,98,84,215.110.67.252,1607146280336,29739,1629227983598,38755
1086,IA-6987,IA,77,Nikola  ,Zeta,2006,76125,STD,AVERAGE,14,34,8,76,91.190.114.192,1623827481211,70344,1631024006971,83502
1087,NV-6832,NV,80,NIO  ,Beta,2007,22201,LARGE,AVERAGE,12,31,71,30,88.200.81.166,1614652446591,19293,1637729742152,28795
1088,KS-9719,KS,62,Tata Motors ,Alpha,2016,91784,XL LARGE,AVERAGE,13,31,87,69,100.161.196.80,1619278613181,83411,1640889162139,93760
1089,CT-5155,CT,69,Tesla  ,Alpha,2006,5220,LARGE,GOOD,12,34,45,61,157.127.143.19,1611441472300,-2472,1635194994818,14286
1090,TX-9883,TX,90,Volvo  ,Alpha,2007,49758,LARGE,AVERAGE,12,33,56,31,124.103.143.205,1625169184998,47743,1635880261600,57527
1091,DE-8404,DE,50,Daimler  ,Zeta,2013,95167,XL LARGE,AVERAGE,13,32,12,41,138.145.125.130,1620012649673,87145,1640435733080,95739
1092,MO-1251,MO,75,Stellantis  ,Beta,2018,25872,STD,GOOD,13,31,40,37,173.70.59.87,1613327857187,19300,1635144041384,31588
1093,NY-2552,NY,83,Ferrari  ,Beta,2013,18960,XL LARGE,GOOD,13,34,16,19,84.44.217.158,1610727853526,16878,1634040446130,26195
1094,SC-6788,SC,89,Aston Martin ,Beta,2013,99379,LARGE,AVERAGE,12,30,90,90,7.165.255.41,1621864431980,91581,1633841282206,100192
1095,MA-3605,MA,58,Hotai Motor ,Beta,2006,81808,LARGE,AVERAGE,13,33,45,57,150.237.145.112,1622497794027,74230,1636655708215,88517
1096,FL-7475,FL,94,Canoo  ,Beta,2013,52521,XL LARGE,AVERAGE,12,31,15,81,17.154.63.199,1615448269919,45125,1633389118857,57182
1097,AL-2240,AL,84,Canoo  ,Gamma,2006,72817,LARGE,GOOD,14,34,53,51,204.42.62.249,1620105116656,66888,1636810232278,73971
1098,OK-5025,OK,61,Isuzu  ,Epsilon,2017,10245,LARGE,GOOD,14,32,39,23,86.149.163.33,1614779105442,5902,1631030353176,14798
1099,DE-7402,DE,95,Chongqing Changan ,Delta,2017,60122,STD,AVERAGE,13,30,5,42,79.199.231.207,1609105245439,58993,1635877230855,63350
1100,ND-5923,ND,84,Volkswagen  ,Zeta,2010,18046,XL LARGE,GOOD,12,33,72,16,197.74.45.169,1620850074245,13584,1636546221502,21134
1101,CA-5374,CA,76,Kia  ,Alpha,2008,24943,XL LARGE,GOOD,13,34,17,68,253.244.188.59,1627146829058,22411,1628487106711,33630
1102,AR-2781,AR,77,BMW  ,Zeta,2013,74902,XL LARGE,AVERAGE,14,33,23,46,65.181.30.94,1609541508580,69233,1633288066582,83445
1103,HI-9693,HI,64,Ford  ,Delta,2005,57036,STD,AVERAGE,13,34,41,28,216.37.109.185,1618781316150,49739,1640557387065,61669
1104,NH-5470,NH,61,Mahindra & Mahindra,Alpha,2019,71379,XL LARGE,GOOD,12,33,34,42,101.171.111.203,1617951067530,63603,1635734242145,72999
1105,RI-3834,RI,85,Polaris  ,Alpha,2017,38932,LARGE,GOOD,12,31,91,12,171.142.89.181,1626964434829,32802,1637826115027,42919
1106,UT-4281,UT,50,Mazda  ,Delta,2012,52760,XL LARGE,AVERAGE,12,34,70,45,42.73.173.132,1619865553929,45238,1630801053837,57364
1107,MI-1374,MI,53,Isuzu  ,Epsilon,2019,46318,LARGE,GOOD,13,31,47,55,141.235.226.236,1610364048398,40605,1638651461575,49153
1108,MI-7858,MI,91,Volkswagen  ,Zeta,2009,73007,LARGE,AVERAGE,14,33,32,24,159.197.141.225,1620887077008,67363,1630211167492,79813
1109,ME-8445,ME,57,BMW  ,Delta,2007,30205,XL LARGE,AVERAGE,13,32,4,7,236.112.122.207,1611405776172,25636,1634855467399,34940
1110,MN-2167,MN,79,Daimler  ,Gamma,2007,34552,STD,GOOD,13,33,69,6,149.225.66.56,1622131653598,31482,1639840273629,35275
1111,IA-2138,IA,59,  ,Alpha,2005,66820,LARGE,GOOD,12,32,78,45,61.215.121.73,1626466753617,64005,1629410215820,69300
1112,OK-1031,OK,88,Renault  ,Alpha,2007,36516,STD,AVERAGE,13,31,16,95,71.245.176.144,1608574308497,31845,1633329077323,43208
1113,ME-5103,ME,85,Ford  ,Zeta,2006,81183,STD,GOOD,12,30,62,79,244.222.80.164,1611520049199,77104,1634038267998,90289
1114,CT-7728,CT,53,Polaris  ,Gamma,2014,46670,STD,AVERAGE,14,34,71,0,238.156.31.86,1620804048198,45300,1636611717306,55353
1115,NY-2749,NY,69,Toyota  ,Epsilon,2013,92319,XL LARGE,AVERAGE,13,32,63,14,96.84.121.86,1617752502600,88870,1633338437548,97576
1116,LA-8595,LA,72,Toyota  ,Epsilon,2019,53075,LARGE,AVERAGE,13,30,51,81,18.129.162.183,1611634065120,44773,1632115915269,55543
1117,IL-5892,IL,86,Renault  ,Delta,2015,66425,XL LARGE,AVERAGE,12,32,86,88,45.241.83.124,1609629616430,60342,1639314841254,74147
1118,NY-5502,NY,54,XPeng  ,Zeta,2014,17181,LARGE,AVERAGE,13,34,6,53,200.190.219.15,1622859628763,11597,1632877246559,17798
1119,KY-7617,KY,83,Mahindra & Mahindra,Beta,2012,94284,XL LARGE,GOOD,14,31,32,2,216.123.182.66,1618249734360,93106,1637746938517,96301
1120,OH-4185,OH,61,FAW Car ,Alpha,2006,83386,XL LARGE,AVERAGE,12,30,96,79,92.203.219.78,1617483473171,75348,1632343602786,92065
1121,VA-2772,VA,58,Great Wall Motors,Beta,2008,38772,XL LARGE,GOOD,14,30,91,73,102.82.183.253,1618428149964,31394,1636261227346,44632
1122,LA-6033,LA,87,Volkswagen  ,Alpha,2014,63031,STD,AVERAGE,14,34,87,29,255.204.150.44,1610775501940,61984,1633405819868,72499
1123,WV-1147,WV,95,Arcimoto  ,Delta,2012,7012,LARGE,AVERAGE,12,30,60,11,28.105.39.60,1611493406333,-1400,1634065312289,9881
1124,LA-6230,LA,57,Aston Martin ,Zeta,2020,27090,XL LARGE,AVERAGE,12,34,36,26,49.205.206.127,1621466385248,18768,1634189291382,35267
1125,MD-6466,MD,72,Polaris  ,Gamma,2007,67335,XL LARGE,GOOD,12,32,66,23,253.115.226.98,1620596581068,58614,1639687075441,69277
1126,ME-1874,ME,96,Mahindra & Mahindra,Delta,2010,13013,STD,AVERAGE,12,34,92,20,41.254.230.19,1618392333522,11006,1637095396281,21652
1127,NH-6581,NH,70,Stellantis  ,Gamma,2019,24473,STD,AVERAGE,14,32,38,10,125.112.48.46,1626106939225,20903,1638719261286,29655
1128,OR-4807,OR,82,Isuzu  ,Alpha,2015,52173,STD,GOOD,12,33,2,32,155.92.187.52,1614817556047,50335,1640762668370,54523
1129,HI-8481,HI,67,General Motors ,Zeta,2015,98998,LARGE,AVERAGE,13,34,98,60,167.104.142.117,1609496849911,94225,1640960741004,108058
1130,SD-9148,SD,50,Li Auto ,Gamma,2011,64724,STD,GOOD,12,30,2,29,253.235.232.161,1616966871277,58255,1634647893721,66532
1131,MN-8913,MN,64,Ferrari  ,Beta,2015,11251,XL LARGE,GOOD,13,32,97,31,200.74.227.20,1612553164673,10197,1638531366639,19467
1132,RI-5912,RI,67,Isuzu  ,Beta,2018,69878,STD,GOOD,13,33,7,56,30.240.75.191,1626961698146,63480,1634264496921,73197
1133,ID-4208,ID,78,Geely  ,Delta,2007,89405,XL LARGE,GOOD,14,33,81,42,8.138.215.118,1609019733623,86523,1633587586726,91193
1134,AR-2950,AR,89,Daimler  ,Beta,2006,55535,STD,AVERAGE,14,32,96,32,176.0.180.51,1617781204915,48263,1633996576166,62636
1135,RI-2819,RI,53,Li Auto ,Beta,2020,75400,STD,GOOD,14,32,87,72,170.189.17.60,1618953496499,71260,1640399587435,80753
1136,MI-7526,MI,84,Chongqing Changan ,Gamma,2008,66747,XL LARGE,GOOD,14,30,68,83,210.189.189.147,1626644157272,61115,1635280431707,67763
1137,MA-3215,MA,92,Toyota  ,Alpha,2006,53790,STD,AVERAGE,14,34,77,11,240.140.48.230,1619818852124,44918,1634117006086,58862
1138,ME-7662,ME,73,Isuzu  ,Epsilon,2011,98639,STD,GOOD,14,34,17,13,237.71.159.128,1607852797948,93903,1634886332558,106633
1139,MN-4205,MN,82,Hotai Motor ,Delta,2008,51575,XL LARGE,AVERAGE,13,31,44,3,11.190.82.90,1615482192181,49528,1641118065778,60081
1140,OH-1751,OH,87,Li Auto ,Beta,2011,5873,STD,AVERAGE,13,31,66,64,3.31.12.249,1614210189320,935,1632382800139,13259
1141,RI-1301,RI,69,FAW Car ,Gamma,2012,16279,XL LARGE,GOOD,12,32,13,87,156.29.22.27,1612150225399,10506,1629452993949,23387
1142,MI-3512,MI,52,Great Wall Motors,Gamma,2012,63227,LARGE,AVERAGE,13,30,47,31,63.93.202.211,1607513202358,58221,1633547828180,71441
1143,KY-6003,KY,58,Nissan  ,Alpha,2012,98724,STD,AVERAGE,13,30,43,93,244.189.51.62,1626235185804,95483,1629516591023,100942
1144,NY-8856,NY,68,Isuzu  ,Epsilon,2018,90180,STD,GOOD,12,31,24,73,37.217.7.111,1624124068478,84446,1637695567938,95585
1145,VT-9390,VT,84,Geely  ,Epsilon,2009,72295,STD,AVERAGE,12,33,78,23,7.220.76.74,1620578394227,69562,1635361066062,74126
1146,AZ-6796,AZ,80,FAW Car ,Alpha,2018,56769,LARGE,AVERAGE,12,31,86,76,227.10.61.4,1622216152147,53738,1628711737441,63422
1147,SD-3279,SD,64,Hyundai  ,Beta,2007,63257,XL LARGE,AVERAGE,14,33,26,62,5.62.16.213,1619079131664,55598,1635940982146,67376
1148,OK-8461,OK,63,Isuzu  ,Beta,2005,38873,XL LARGE,AVERAGE,14,33,75,1,123.192.127.254,1623707941297,33274,1629019126614,40194
1149,WI-1267,WI,84,Geely  ,Zeta,2020,43051,XL LARGE,AVERAGE,13,34,6,41,140.238.110.188,1614598043885,34574,1640683277091,43698
1150,WI-6586,WI,93,BYD  ,Delta,2019,72376,STD,AVERAGE,12,34,56,91,57.227.175.132,1607753213614,64014,1631252748038,74408
1151,MS-2280,MS,54,Tata Motors ,Delta,2013,57316,LARGE,AVERAGE,14,34,82,84,147.211.209.120,1614791621983,48552,1638269309084,61595
1152,WV-5544,WV,50,Arcimoto  ,Alpha,2015,78539,LARGE,GOOD,12,31,7,68,184.45.78.158,1619305622117,73845,1630537511805,84733
1153,WI-9024,WI,69,Daimler  ,Epsilon,2019,34574,LARGE,GOOD,12,30,96,90,27.245.139.215,1610398768126,31686,1630801717643,38997
1154,NE-7434,NE,89,Toyota  ,Zeta,2014,9517,STD,GOOD,14,32,62,61,20.62.187.11,1608679225506,7944,1631180289892,17507
1155,PA-9272,PA,67,Aston Martin ,Delta,2020,68367,LARGE,AVERAGE,13,31,94,36,129.228.251.169,1613195128709,59388,1633122060248,77559
1156,VA-3233,VA,52,Daimler  ,Gamma,2020,96261,STD,AVERAGE,12,30,56,96,221.112.31.32,1627696352456,91299,1640656739488,98680
1157,HI-7585,HI,80,Kia  ,Zeta,2019,64179,LARGE,GOOD,13,32,15,3,35.138.169.73,1626600763351,56270,1638959861037,72610
1158,FL-5674,FL,95,Chongqing Changan ,Gamma,2008,66487,STD,GOOD,14,34,94,55,219.247.45.42,1621725560468,62280,1638325546684,73488
1159,HI-3374,HI,78,Suzuki Motor ,Epsilon,2008,22858,STD,AVERAGE,13,34,81,27,171.217.47.130,1615652375699,21765,1632422467092,23714
1160,NV-2133,NV,87,FAW Car ,Gamma,2015,36047,LARGE,AVERAGE,13,30,66,43,192.155.150.118,1619325020573,34582,1630489066610,43877
1161,TX-2852,TX,54,Subaru  ,Delta,2012,36116,LARGE,AVERAGE,12,32,3,8,112.17.77.164,1614053415225,28088,1630212154313,37763
1162,AL-5622,AL,78,Mazda  ,Beta,2014,50696,STD,GOOD,14,30,60,31,209.163.33.214,1609515555601,44634,1636038043078,54657
1163,WY-1691,WY,82,FAW Car ,Epsilon,2020,98857,LARGE,AVERAGE,13,31,31,22,255.41.117.72,1614758382890,94140,1640350191696,102640
1164,IL-6563,IL,83,Volvo  ,Gamma,2014,71970,STD,AVERAGE,13,34,31,83,20.167.4.247,1617461199501,68463,1636724137788,80673
1165,NJ-6261,NJ,63,Li Auto ,Gamma,2009,89245,LARGE,GOOD,14,30,45,16,29.135.254.34,1621664554464,87896,1640709420281,94555
1166,MS-7410,MS,59,Honda  ,Gamma,2014,70731,LARGE,GOOD,14,30,73,6,17.180.157.115,1613420342839,68374,1629789662410,72280
1167,IN-5481,IN,90,Electra Meccanica ,Zeta,2018,17912,LARGE,GOOD,12,34,29,17,72.67.129.195,1621844935810,15998,1633020031892,27289
1168,ID-9700,ID,96,Suzuki Motor ,Delta,2014,41473,LARGE,AVERAGE,14,30,63,17,73.231.89.108,1623505976797,34985,1639243389286,42725
1169,WY-4429,WY,51,Li Auto ,Beta,2008,31431,STD,GOOD,12,33,82,96,157.133.229.210,1614892597992,25467,1638331547448,33598
1170,GA-7354,GA,89,Hyundai  ,Gamma,2019,42537,LARGE,GOOD,12,33,58,1,206.153.42.221,1622819307092,34593,1636844024047,47933
1171,NE-5125,NE,94,Tata Motors ,Zeta,2013,42302,LARGE,AVERAGE,14,30,1,30,140.200.172.83,1626421200282,40202,1639562806339,50346
1172,WI-5802,WI,79,Stellantis  ,Epsilon,2005,80775,XL LARGE,GOOD,12,31,44,25,234.168.173.46,1622890762251,76197,1637686051250,88445
1173,AZ-3545,AZ,78,Arcimoto  ,Beta,2010,47053,LARGE,AVERAGE,12,31,47,37,39.103.51.12,1613313677319,42606,1629131154776,48795
1174,VA-9180,VA,50,NIO  ,Epsilon,2012,7197,LARGE,AVERAGE,14,30,64,23,183.27.202.140,1616901903467,1847,1638564249621,11622
1175,CO-5371,CO,78,Chongqing Changan ,Beta,2012,96147,LARGE,GOOD,14,30,51,55,205.38.64.126,1619784356186,88455,1632782337190,99541
1176,MA-9458,MA,74,Arcimoto  ,Epsilon,2012,52480,LARGE,GOOD,12,31,25,32,170.70.127.232,1623510502198,49463,1629129530278,54807
1177,LA-8865,LA,90,Canoo  ,Alpha,2009,51550,STD,GOOD,14,30,18,8,237.95.102.75,1612914033919,44710,1629675810134,59284
1178,UT-4622,UT,83,Tesla  ,Zeta,2018,83766,XL LARGE,GOOD,14,33,48,20,107.180.5.92,1616512405124,79741,1633549164266,88737
1179,MT-9632,MT,80,Ferrari  ,Beta,2005,20759,LARGE,AVERAGE,12,31,9,38,118.211.104.61,1625931780245,16479,1641119013582,28934
1180,NV-1806,NV,95,Volkswagen  ,Zeta,2016,75797,STD,GOOD,13,33,24,67,86.116.186.75,1623649502016,73097,1634419446104,78730
1181,PA-9078,PA,87,Fisker  ,Beta,2011,84432,STD,AVERAGE,13,33,34,4,197.230.36.196,1618830593815,81034,1632030227273,86418
1182,MA-1554,MA,66,Tata Motors ,Epsilon,2011,87587,XL LARGE,GOOD,12,31,31,30,17.221.223.211,1609933370128,78190,1636658637516,95463
1183,OK-4254,OK,80,Chongqing Changan ,Alpha,2016,89383,STD,AVERAGE,12,31,67,84,54.161.184.173,1624179545758,82883,1635785798369,93952
1184,WA-2611,WA,72,Tesla  ,Alpha,2019,72819,XL LARGE,AVERAGE,12,32,6,30,52.66.127.44,1609364246375,70126,1631156841394,77652
1185,RI-9899,RI,57,Nikola  ,Zeta,2019,47554,XL LARGE,AVERAGE,14,31,35,84,78.48.210.147,1612408004257,39508,1630559491153,51571
1186,IA-4686,IA,50,Mazda  ,Delta,2010,78883,XL LARGE,AVERAGE,12,32,19,28,102.100.237.138,1627737817882,75313,1638784991423,81184
1187,VT-4635,VT,69,Mazda  ,Zeta,2012,38908,XL LARGE,AVERAGE,13,31,72,18,85.173.247.37,1623125901602,29727,1636993320044,47991
1188,WV-9525,WV,72,Nissan  ,Beta,2020,87670,STD,AVERAGE,13,34,3,66,213.172.22.77,1609779065497,83836,1632985293480,91509
1189,AZ-8923,AZ,56,FAW Car ,Beta,2010,67673,LARGE,GOOD,13,32,57,8,153.76.191.233,1616451666018,66669,1633315879098,72084
1190,VA-7233,VA,78,XPeng  ,Epsilon,2018,73644,XL LARGE,AVERAGE,14,31,1,21,231.46.126.69,1615371522806,69780,1629899258510,76261
1191,MD-3282,MD,79,Renault  ,Epsilon,2012,95578,XL LARGE,AVERAGE,13,34,60,29,236.62.226.176,1611471854097,86088,1632701078318,96145
1192,CO-8935,CO,83,SsangYong Motor,Beta,2016,57626,LARGE,AVERAGE,14,30,84,98,163.155.56.155,1609835596284,55683,1641148986010,58356
1193,KY-8902,KY,73,Daimler  ,Zeta,2010,21005,STD,AVERAGE,13,34,17,29,138.14.156.236,1621093308822,18256,1631425048250,22763
1194,IA-9607,IA,55,Honda  ,Epsilon,2008,19113,LARGE,GOOD,13,31,53,81,236.196.19.64,1621380913776,16686,1638604506707,26561
1195,IN-1746,IN,70,Geely  ,Epsilon,2005,28335,LARGE,AVERAGE,13,30,18,82,178.221.150.79,1617779862191,19012,1636878217003,36643
1196,VT-7556,VT,78,Hotai Motor ,Zeta,2005,50702,XL LARGE,AVERAGE,14,34,88,13,10.128.100.223,1620903818996,47657,1630674492024,57298
1197,ME-8491,ME,73,Fisker  ,Delta,2005,40243,STD,GOOD,13,32,43,34,69.229.4.53,1616318503320,33361,1628578809021,47522
1198,SC-5624,SC,61,SsangYong Motor,Epsilon,2014,51436,STD,AVERAGE,14,30,44,16,128.30.221.21,1620088865312,49842,1637715101393,59805
1199,MI-2793,MI,94,BMW  ,Alpha,2020,32028,LARGE,AVERAGE,12,30,61,35,74.154.251.123,1617183013861,27616,1639139190734,34513
1200,MI-4209,MI,74,BMW  ,Beta,2005,55020,XL LARGE,AVERAGE,13,34,18,28,247.143.58.22,1606791608855,48988,1633399761825,57975
1201,KS-1551,KS,93,BMW  ,Delta,2015,19796,STD,AVERAGE,13,30,50,50,38.190.141.223,1628114799836,17354,1639082469627,28309
1202,AL-2922,AL,81,Mahindra & Mahindra,Delta,2006,44218,STD,AVERAGE,14,32,31,70,125.17.94.107,1618488988730,39427,1635440453243,49114
1203,DE-1640,DE,67,Fisker  ,Epsilon,2005,91258,STD,AVERAGE,14,34,1,0,67.9.218.242,1606739235564,85627,1631199828108,97534
1204,MI-4389,MI,74,Ford  ,Beta,2011,92783,XL LARGE,GOOD,13,34,48,64,21.146.230.229,1618315343941,84660,1639926797461,97480
1205,NJ-3809,NJ,59,Stellantis  ,Alpha,2006,85195,LARGE,GOOD,12,34,91,1,222.185.31.116,1621954523010,79286,1629902486090,92101
1206,GA-6071,GA,93,Great Wall Motors,Alpha,2018,89177,LARGE,AVERAGE,13,30,72,17,186.200.22.61,1625082235248,86780,1634344435209,93545
1207,AR-6252,AR,51,Honda  ,Alpha,2007,46316,XL LARGE,AVERAGE,14,34,63,9,10.65.81.222,1614089716211,37373,1632921679238,55716
1208,KY-8837,KY,59,Mahindra & Mahindra,Zeta,2009,26086,LARGE,GOOD,13,34,10,80,93.73.176.134,1626758432106,16986,1628649327447,32089
1209,ND-2727,ND,78,Polaris  ,Beta,2014,57828,STD,GOOD,13,30,56,18,73.191.39.181,1622455107839,50530,1629033052207,59513
1210,MI-1795,MI,59,Mahindra & Mahindra,Delta,2015,97379,STD,AVERAGE,12,30,19,74,155.120.198.8,1609046511427,96202,1629506947325,104446
1211,SC-3485,SC,81,Li Auto ,Delta,2007,16886,XL LARGE,AVERAGE,14,30,5,51,64.187.81.66,1606730524931,9607,1639168794429,18558
1212,AK-4010,AK,61,Ferrari  ,Beta,2018,59557,LARGE,AVERAGE,13,30,16,87,90.11.40.113,1613416980449,55667,1635880948696,62915
1213,TX-5527,TX,68,Aston Martin ,Gamma,2008,75131,STD,AVERAGE,14,30,0,22,92.207.251.65,1607964132179,68275,1628480393756,78498
1214,CT-6969,CT,91,FAW Car ,Gamma,2015,95711,STD,GOOD,13,34,78,50,62.252.155.91,1608265676815,87359,1636452448644,102816
1215,MD-6939,MD,97,BYD  ,Delta,2019,95191,STD,AVERAGE,13,31,84,88,163.77.89.61,1618951532645,91218,1633890581878,104463
1216,GA-4264,GA,68,Isuzu  ,Beta,2006,70864,STD,GOOD,12,33,88,71,87.175.12.80,1625094102441,63374,1631912205063,78964
1217,KS-2710,KS,85,Tata Motors ,Zeta,2018,87872,XL LARGE,GOOD,12,34,44,18,28.65.245.44,1607921560255,81370,1629615267281,97076
1218,MA-8076,MA,73,Great Wall Motors,Zeta,2017,37333,LARGE,GOOD,13,31,8,42,38.208.132.199,1611405746485,28046,1639482504739,38635
1219,MO-6417,MO,52,Polaris  ,Delta,2010,56553,XL LARGE,AVERAGE,13,31,11,36,197.42.207.142,1620307323525,52132,1640841239104,58467
1220,MN-7978,MN,90,  ,Zeta,2006,14325,STD,GOOD,14,31,83,67,13.73.64.140,1611542510283,11207,1628863099007,19554
1221,OR-4416,OR,62,Suzuki Motor ,Alpha,2008,85161,XL LARGE,GOOD,12,30,23,51,66.151.203.55,1624405279867,79199,1640232925728,86712
1222,NJ-6539,NJ,55,Arcimoto  ,Zeta,2012,66261,LARGE,GOOD,14,33,43,60,145.21.18.136,1624369794827,58612,1639899227769,74950
1223,TX-8708,TX,83,Isuzu  ,Beta,2005,49413,XL LARGE,GOOD,12,34,79,65,108.224.213.203,1614660371801,41892,1630877171781,54124
1224,NV-6934,NV,68,NIO  ,Gamma,2006,63830,STD,GOOD,13,32,71,39,77.126.27.164,1610359357598,60138,1639589686231,71226
1225,NE-4073,NE,84,Fisker  ,Zeta,2005,68047,XL LARGE,GOOD,12,32,17,40,237.237.41.91,1611889481401,60773,1638045779551,77503
1226,MS-3776,MS,78,Kia  ,Epsilon,2008,69553,LARGE,AVERAGE,14,32,59,53,207.137.206.97,1608280371288,65118,1639689606040,71885
1227,TX-7404,TX,72,Stellantis  ,Beta,2013,6466,LARGE,AVERAGE,13,33,90,26,250.245.0.205,1622403568886,3642,1638140944158,12358
1228,TX-4272,TX,53,Canoo  ,Delta,2019,19574,STD,GOOD,13,30,13,76,204.168.83.107,1627595768578,13928,1632437840287,23266
1229,WV-8708,WV,63,Subaru  ,Alpha,2019,77344,STD,AVERAGE,13,31,57,18,131.80.18.228,1613722659201,73102,1635513324113,83151
1230,ME-8621,ME,64,Ferrari  ,Alpha,2010,97112,XL LARGE,GOOD,14,34,57,49,42.174.23.58,1608063002118,90308,1638514046511,103834
1231,MD-9393,MD,72,  ,Beta,2005,48675,STD,GOOD,14,32,44,5,199.184.158.81,1611921820680,47594,1638739835535,57547
1232,PA-5701,PA,50,Tesla  ,Delta,2008,28676,STD,AVERAGE,13,30,90,30,90.103.45.157,1619426292623,27420,1639358153392,34452
1233,NM-7564,NM,76,BYD  ,Gamma,2013,22198,LARGE,GOOD,14,30,68,24,129.203.145.145,1626610805510,14970,1635999341140,24669
1234,NM-4797,NM,70,Honda  ,Zeta,2010,83574,STD,AVERAGE,12,32,78,71,52.1.24.38,1609605843385,79223,1634216191997,88604
1235,MS-6125,MS,53,Li Auto ,Gamma,2012,94662,XL LARGE,AVERAGE,12,33,67,86,22.89.87.176,1624774325593,93410,1631017542905,97010
1236,WV-8578,WV,67,Volvo  ,Zeta,2019,73623,XL LARGE,AVERAGE,13,33,66,52,142.49.61.141,1610628263640,65407,1628680941887,80796
1237,NC-4386,NC,74,BYD  ,Zeta,2010,72871,LARGE,GOOD,14,32,73,33,89.212.83.73,1624039772106,69390,1632143520983,74497
1238,WV-2930,WV,92,Renault  ,Beta,2007,47988,XL LARGE,AVERAGE,12,31,74,20,40.60.83.134,1627661980105,40851,1635712890909,57209
1239,VT-9262,VT,79,Polaris  ,Gamma,2013,83084,LARGE,GOOD,14,33,79,14,109.31.235.200,1626245044668,76493,1636803469595,91961
1240,SC-7511,SC,72,Renault  ,Alpha,2016,15678,LARGE,GOOD,12,30,28,16,45.115.38.122,1608172285053,8049,1634002750592,25045
1241,AZ-4587,AZ,51,Canoo  ,Alpha,2007,11940,XL LARGE,GOOD,12,32,12,3,239.45.196.168,1607346121624,9511,1631182464473,13264
1242,ID-3095,ID,74,Ferrari  ,Alpha,2011,77210,STD,GOOD,12,34,43,59,251.244.250.161,1612864810135,69596,1628745096225,84572
1243,IN-6657,IN,56,Volvo  ,Epsilon,2010,94992,XL LARGE,AVERAGE,12,34,69,39,167.96.240.20,1621004862114,92699,1632137501949,102159
1244,NH-3982,NH,75,Tata Motors ,Alpha,2008,76133,STD,AVERAGE,14,33,9,1,215.235.27.17,1608235787170,67870,1636449984795,79079
1245,KS-7026,KS,80,General Motors ,Alpha,2020,70593,LARGE,GOOD,14,30,78,31,202.41.167.121,1611946495089,61514,1640046151525,72199
1246,AK-4422,AK,93,Subaru  ,Delta,2006,45928,STD,GOOD,14,30,57,52,144.232.141.116,1610633829532,39135,1641037743208,46486
1247,GA-9384,GA,89,Suzuki Motor ,Beta,2010,37845,XL LARGE,AVERAGE,12,31,5,7,40.86.190.178,1620601955719,29519,1639765182049,46874
1248,OH-6693,OH,89,FAW Car ,Alpha,2011,62907,LARGE,AVERAGE,14,34,85,67,127.210.157.58,1621140575933,58364,1633511805631,69593
1249,TN-4235,TN,69,Dongfeng Motor ,Gamma,2010,58044,XL LARGE,AVERAGE,12,34,65,16,2.206.219.63,1626532981132,50538,1637948343741,66968
